﻿<?xml version="1.0" encoding="utf-8"?>
<HelpKI>

  <HelpKINode Title="AddMessageFlags method" Url="html/M_S22_Imap_IImapClient_AddMessageFlags.htm" />
  <HelpKINode Title="AddMessageFlags method" Url="html/M_S22_Imap_ImapClient_AddMessageFlags.htm" />
  <HelpKINode Title="All method" Url="html/M_S22_Imap_SearchCondition_All.htm" />
  <HelpKINode Title="AllMail enumeration member" Url="html/T_S22_Imap_MailboxFlag.htm" />
  <HelpKINode Title="And method" Url="html/M_S22_Imap_SearchCondition_And.htm" />
  <HelpKINode Title="Answered enumeration member" Url="html/T_S22_Imap_MessageFlag.htm" />
  <HelpKINode Title="Answered method" Url="html/M_S22_Imap_SearchCondition_Answered.htm" />
  <HelpKINode Title="Application enumeration member" Url="html/T_S22_Imap_ContentType.htm" />
  <HelpKINode Title="Archive enumeration member" Url="html/T_S22_Imap_MailboxFlag.htm" />
  <HelpKINode Title="Attachment enumeration member" Url="html/T_S22_Imap_ContentDispositionType.htm" />
  <HelpKINode Title="Attributes property" Url="html/P_S22_Imap_ContentDisposition_Attributes.htm" />
  <HelpKINode Title="Audio enumeration member" Url="html/T_S22_Imap_ContentType.htm" />
  <HelpKINode Title="Authed property" Url="html/P_S22_Imap_IImapClient_Authed.htm" />
  <HelpKINode Title="Authed property" Url="html/P_S22_Imap_ImapClient_Authed.htm" />
  <HelpKINode Title="AuthMethod enumeration" Url="html/T_S22_Imap_AuthMethod.htm" />
  <HelpKINode Title="Auto enumeration member" Url="html/T_S22_Imap_AuthMethod.htm" />
  <HelpKINode Title="BadServerResponseException class" Url="html/AllMembers_T_S22_Imap_BadServerResponseException.htm" />
  <HelpKINode Title="BadServerResponseException class" Url="html/T_S22_Imap_BadServerResponseException.htm" />
  <HelpKINode Title="BadServerResponseException class">
    <HelpKINode Title="about BadServerResponseException class" Url="html/T_S22_Imap_BadServerResponseException.htm" />
    <HelpKINode Title="all members" Url="html/AllMembers_T_S22_Imap_BadServerResponseException.htm" />
    <HelpKINode Title="constructor" Url="html/Overload_S22_Imap_BadServerResponseException__ctor.htm" />
    <HelpKINode Title="events" Url="html/Events_T_S22_Imap_BadServerResponseException.htm" />
    <HelpKINode Title="methods" Url="html/Methods_T_S22_Imap_BadServerResponseException.htm" />
    <HelpKINode Title="properties" Url="html/Properties_T_S22_Imap_BadServerResponseException.htm" />
  </HelpKINode>
  <HelpKINode Title="BadServerResponseException.BadServerResponseException constructor" Url="html/Overload_S22_Imap_BadServerResponseException__ctor.htm" />
  <HelpKINode Title="Base64 enumeration member" Url="html/T_S22_Imap_ContentTransferEncoding.htm" />
  <HelpKINode Title="BCC method" Url="html/M_S22_Imap_SearchCondition_BCC.htm" />
  <HelpKINode Title="Before method" Url="html/M_S22_Imap_SearchCondition_Before.htm" />
  <HelpKINode Title="Binary enumeration member" Url="html/T_S22_Imap_ContentTransferEncoding.htm" />
  <HelpKINode Title="Bit7 enumeration member" Url="html/T_S22_Imap_ContentTransferEncoding.htm" />
  <HelpKINode Title="Bit8 enumeration member" Url="html/T_S22_Imap_ContentTransferEncoding.htm" />
  <HelpKINode Title="Body method" Url="html/M_S22_Imap_SearchCondition_Body.htm" />
  <HelpKINode Title="Bodypart class" Url="html/AllMembers_T_S22_Imap_Bodypart.htm" />
  <HelpKINode Title="Bodypart class" Url="html/T_S22_Imap_Bodypart.htm" />
  <HelpKINode Title="Bodypart class">
    <HelpKINode Title="about Bodypart class" Url="html/T_S22_Imap_Bodypart.htm" />
    <HelpKINode Title="all members" Url="html/AllMembers_T_S22_Imap_Bodypart.htm" />
    <HelpKINode Title="methods" Url="html/Methods_T_S22_Imap_Bodypart.htm" />
    <HelpKINode Title="properties" Url="html/Properties_T_S22_Imap_Bodypart.htm" />
  </HelpKINode>
  <HelpKINode Title="Bodypart.Description property" Url="html/P_S22_Imap_Bodypart_Description.htm" />
  <HelpKINode Title="Bodypart.Disposition property" Url="html/P_S22_Imap_Bodypart_Disposition.htm" />
  <HelpKINode Title="Bodypart.Encoding property" Url="html/P_S22_Imap_Bodypart_Encoding.htm" />
  <HelpKINode Title="Bodypart.Id property" Url="html/P_S22_Imap_Bodypart_Id.htm" />
  <HelpKINode Title="Bodypart.Language property" Url="html/P_S22_Imap_Bodypart_Language.htm" />
  <HelpKINode Title="Bodypart.Lines property" Url="html/P_S22_Imap_Bodypart_Lines.htm" />
  <HelpKINode Title="Bodypart.Location property" Url="html/P_S22_Imap_Bodypart_Location.htm" />
  <HelpKINode Title="Bodypart.Md5 property" Url="html/P_S22_Imap_Bodypart_Md5.htm" />
  <HelpKINode Title="Bodypart.Parameters property" Url="html/P_S22_Imap_Bodypart_Parameters.htm" />
  <HelpKINode Title="Bodypart.Size property" Url="html/P_S22_Imap_Bodypart_Size.htm" />
  <HelpKINode Title="Bodypart.Subtype property" Url="html/P_S22_Imap_Bodypart_Subtype.htm" />
  <HelpKINode Title="Bodypart.ToString method" Url="html/M_S22_Imap_Bodypart_ToString.htm" />
  <HelpKINode Title="Bodypart.Type property" Url="html/P_S22_Imap_Bodypart_Type.htm" />
  <HelpKINode Title="Capabilities method" Url="html/M_S22_Imap_IImapClient_Capabilities.htm" />
  <HelpKINode Title="Capabilities method" Url="html/M_S22_Imap_ImapClient_Capabilities.htm" />
  <HelpKINode Title="Cc method" Url="html/M_S22_Imap_SearchCondition_Cc.htm" />
  <HelpKINode Title="Client property" Url="html/P_S22_Imap_IdleMessageEventArgs_Client.htm" />
  <HelpKINode Title="ContentDisposition class" Url="html/AllMembers_T_S22_Imap_ContentDisposition.htm" />
  <HelpKINode Title="ContentDisposition class" Url="html/T_S22_Imap_ContentDisposition.htm" />
  <HelpKINode Title="ContentDisposition class">
    <HelpKINode Title="about ContentDisposition class" Url="html/T_S22_Imap_ContentDisposition.htm" />
    <HelpKINode Title="all members" Url="html/AllMembers_T_S22_Imap_ContentDisposition.htm" />
    <HelpKINode Title="constructor" Url="html/M_S22_Imap_ContentDisposition__ctor.htm" />
    <HelpKINode Title="methods" Url="html/Methods_T_S22_Imap_ContentDisposition.htm" />
    <HelpKINode Title="properties" Url="html/Properties_T_S22_Imap_ContentDisposition.htm" />
  </HelpKINode>
  <HelpKINode Title="ContentDisposition.Attributes property" Url="html/P_S22_Imap_ContentDisposition_Attributes.htm" />
  <HelpKINode Title="ContentDisposition.ContentDisposition constructor" Url="html/M_S22_Imap_ContentDisposition__ctor.htm" />
  <HelpKINode Title="ContentDisposition.Filename property" Url="html/P_S22_Imap_ContentDisposition_Filename.htm" />
  <HelpKINode Title="ContentDisposition.Type property" Url="html/P_S22_Imap_ContentDisposition_Type.htm" />
  <HelpKINode Title="ContentDispositionType enumeration" Url="html/T_S22_Imap_ContentDispositionType.htm" />
  <HelpKINode Title="ContentTransferEncoding enumeration" Url="html/T_S22_Imap_ContentTransferEncoding.htm" />
  <HelpKINode Title="ContentType enumeration" Url="html/T_S22_Imap_ContentType.htm" />
  <HelpKINode Title="CopyMessage method" Url="html/M_S22_Imap_IImapClient_CopyMessage.htm" />
  <HelpKINode Title="CopyMessage method" Url="html/M_S22_Imap_ImapClient_CopyMessage.htm" />
  <HelpKINode Title="CramMd5 enumeration member" Url="html/T_S22_Imap_AuthMethod.htm" />
  <HelpKINode Title="CreateMailbox method" Url="html/M_S22_Imap_IImapClient_CreateMailbox.htm" />
  <HelpKINode Title="CreateMailbox method" Url="html/M_S22_Imap_ImapClient_CreateMailbox.htm" />
  <HelpKINode Title="DefaultMailbox property" Url="html/P_S22_Imap_IImapClient_DefaultMailbox.htm" />
  <HelpKINode Title="DefaultMailbox property" Url="html/P_S22_Imap_ImapClient_DefaultMailbox.htm" />
  <HelpKINode Title="Deleted enumeration member" Url="html/T_S22_Imap_MessageFlag.htm" />
  <HelpKINode Title="Deleted method" Url="html/M_S22_Imap_SearchCondition_Deleted.htm" />
  <HelpKINode Title="DeleteMailbox method" Url="html/M_S22_Imap_IImapClient_DeleteMailbox.htm" />
  <HelpKINode Title="DeleteMailbox method" Url="html/M_S22_Imap_ImapClient_DeleteMailbox.htm" />
  <HelpKINode Title="DeleteMessage method" Url="html/M_S22_Imap_IImapClient_DeleteMessage.htm" />
  <HelpKINode Title="DeleteMessage method" Url="html/M_S22_Imap_ImapClient_DeleteMessage.htm" />
  <HelpKINode Title="Description property" Url="html/P_S22_Imap_Bodypart_Description.htm" />
  <HelpKINode Title="DigestMd5 enumeration member" Url="html/T_S22_Imap_AuthMethod.htm" />
  <HelpKINode Title="Dispose method" Url="html/M_S22_Imap_ImapClient_Dispose.htm" />
  <HelpKINode Title="Disposition property" Url="html/P_S22_Imap_Bodypart_Disposition.htm" />
  <HelpKINode Title="Draft enumeration member" Url="html/T_S22_Imap_MessageFlag.htm" />
  <HelpKINode Title="Draft method" Url="html/M_S22_Imap_SearchCondition_Draft.htm" />
  <HelpKINode Title="Drafts enumeration member" Url="html/T_S22_Imap_MailboxFlag.htm" />
  <HelpKINode Title="Encoding property" Url="html/P_S22_Imap_Bodypart_Encoding.htm" />
  <HelpKINode Title="ExaminePartDelegate delegate" Url="html/T_S22_Imap_ExaminePartDelegate.htm" />
  <HelpKINode Title="Expunge method" Url="html/M_S22_Imap_IImapClient_Expunge.htm" />
  <HelpKINode Title="Expunge method" Url="html/M_S22_Imap_ImapClient_Expunge.htm" />
  <HelpKINode Title="FetchOptions enumeration" Url="html/T_S22_Imap_FetchOptions.htm" />
  <HelpKINode Title="Filename property" Url="html/P_S22_Imap_ContentDisposition_Filename.htm" />
  <HelpKINode Title="Flagged enumeration member" Url="html/T_S22_Imap_MessageFlag.htm" />
  <HelpKINode Title="Flagged method" Url="html/M_S22_Imap_SearchCondition_Flagged.htm" />
  <HelpKINode Title="Flags property" Url="html/P_S22_Imap_MailboxInfo_Flags.htm" />
  <HelpKINode Title="FreeStorage property" Url="html/P_S22_Imap_MailboxInfo_FreeStorage.htm" />
  <HelpKINode Title="From method" Url="html/M_S22_Imap_SearchCondition_From.htm" />
  <HelpKINode Title="GetMailboxInfo method" Url="html/M_S22_Imap_IImapClient_GetMailboxInfo.htm" />
  <HelpKINode Title="GetMailboxInfo method" Url="html/M_S22_Imap_ImapClient_GetMailboxInfo.htm" />
  <HelpKINode Title="GetMessage method" Url="html/Overload_S22_Imap_IImapClient_GetMessage.htm" />
  <HelpKINode Title="GetMessage method" Url="html/Overload_S22_Imap_ImapClient_GetMessage.htm" />
  <HelpKINode Title="GetMessageFlags method" Url="html/M_S22_Imap_IImapClient_GetMessageFlags.htm" />
  <HelpKINode Title="GetMessageFlags method" Url="html/M_S22_Imap_ImapClient_GetMessageFlags.htm" />
  <HelpKINode Title="GetMessages method" Url="html/Overload_S22_Imap_IImapClient_GetMessages.htm" />
  <HelpKINode Title="GetMessages method" Url="html/Overload_S22_Imap_ImapClient_GetMessages.htm" />
  <HelpKINode Title="GreaterThan method" Url="html/M_S22_Imap_SearchCondition_GreaterThan.htm" />
  <HelpKINode Title="Gssapi enumeration member" Url="html/T_S22_Imap_AuthMethod.htm" />
  <HelpKINode Title="Header method" Url="html/M_S22_Imap_SearchCondition_Header.htm" />
  <HelpKINode Title="HeadersOnly enumeration member" Url="html/T_S22_Imap_FetchOptions.htm" />
  <HelpKINode Title="Id property" Url="html/P_S22_Imap_Bodypart_Id.htm" />
  <HelpKINode Title="IdleMessageEventArgs class" Url="html/AllMembers_T_S22_Imap_IdleMessageEventArgs.htm" />
  <HelpKINode Title="IdleMessageEventArgs class" Url="html/T_S22_Imap_IdleMessageEventArgs.htm" />
  <HelpKINode Title="IdleMessageEventArgs class">
    <HelpKINode Title="about IdleMessageEventArgs class" Url="html/T_S22_Imap_IdleMessageEventArgs.htm" />
    <HelpKINode Title="all members" Url="html/AllMembers_T_S22_Imap_IdleMessageEventArgs.htm" />
    <HelpKINode Title="methods" Url="html/Methods_T_S22_Imap_IdleMessageEventArgs.htm" />
    <HelpKINode Title="properties" Url="html/Properties_T_S22_Imap_IdleMessageEventArgs.htm" />
  </HelpKINode>
  <HelpKINode Title="IdleMessageEventArgs.Client property" Url="html/P_S22_Imap_IdleMessageEventArgs_Client.htm" />
  <HelpKINode Title="IdleMessageEventArgs.MessageCount property" Url="html/P_S22_Imap_IdleMessageEventArgs_MessageCount.htm" />
  <HelpKINode Title="IdleMessageEventArgs.MessageUID property" Url="html/P_S22_Imap_IdleMessageEventArgs_MessageUID.htm" />
  <HelpKINode Title="IImapClient interface" Url="html/AllMembers_T_S22_Imap_IImapClient.htm" />
  <HelpKINode Title="IImapClient interface" Url="html/T_S22_Imap_IImapClient.htm" />
  <HelpKINode Title="IImapClient interface">
    <HelpKINode Title="about IImapClient interface" Url="html/T_S22_Imap_IImapClient.htm" />
    <HelpKINode Title="all members" Url="html/AllMembers_T_S22_Imap_IImapClient.htm" />
    <HelpKINode Title="events" Url="html/Events_T_S22_Imap_IImapClient.htm" />
    <HelpKINode Title="methods" Url="html/Methods_T_S22_Imap_IImapClient.htm" />
    <HelpKINode Title="properties" Url="html/Properties_T_S22_Imap_IImapClient.htm" />
  </HelpKINode>
  <HelpKINode Title="IImapClient.AddMessageFlags method" Url="html/M_S22_Imap_IImapClient_AddMessageFlags.htm" />
  <HelpKINode Title="IImapClient.Authed property" Url="html/P_S22_Imap_IImapClient_Authed.htm" />
  <HelpKINode Title="IImapClient.Capabilities method" Url="html/M_S22_Imap_IImapClient_Capabilities.htm" />
  <HelpKINode Title="IImapClient.CopyMessage method" Url="html/M_S22_Imap_IImapClient_CopyMessage.htm" />
  <HelpKINode Title="IImapClient.CreateMailbox method" Url="html/M_S22_Imap_IImapClient_CreateMailbox.htm" />
  <HelpKINode Title="IImapClient.DefaultMailbox property" Url="html/P_S22_Imap_IImapClient_DefaultMailbox.htm" />
  <HelpKINode Title="IImapClient.DeleteMailbox method" Url="html/M_S22_Imap_IImapClient_DeleteMailbox.htm" />
  <HelpKINode Title="IImapClient.DeleteMessage method" Url="html/M_S22_Imap_IImapClient_DeleteMessage.htm" />
  <HelpKINode Title="IImapClient.Expunge method" Url="html/M_S22_Imap_IImapClient_Expunge.htm" />
  <HelpKINode Title="IImapClient.GetMailboxInfo method" Url="html/M_S22_Imap_IImapClient_GetMailboxInfo.htm" />
  <HelpKINode Title="IImapClient.GetMessage method" Url="html/Overload_S22_Imap_IImapClient_GetMessage.htm" />
  <HelpKINode Title="IImapClient.GetMessageFlags method" Url="html/M_S22_Imap_IImapClient_GetMessageFlags.htm" />
  <HelpKINode Title="IImapClient.GetMessages method" Url="html/Overload_S22_Imap_IImapClient_GetMessages.htm" />
  <HelpKINode Title="IImapClient.ListMailboxes method" Url="html/M_S22_Imap_IImapClient_ListMailboxes.htm" />
  <HelpKINode Title="IImapClient.Login method" Url="html/M_S22_Imap_IImapClient_Login.htm" />
  <HelpKINode Title="IImapClient.Logout method" Url="html/M_S22_Imap_IImapClient_Logout.htm" />
  <HelpKINode Title="IImapClient.MessageDeleted event" Url="html/E_S22_Imap_IImapClient_MessageDeleted.htm" />
  <HelpKINode Title="IImapClient.MoveMessage method" Url="html/M_S22_Imap_IImapClient_MoveMessage.htm" />
  <HelpKINode Title="IImapClient.NewMessage event" Url="html/E_S22_Imap_IImapClient_NewMessage.htm" />
  <HelpKINode Title="IImapClient.RemoveMessageFlags method" Url="html/M_S22_Imap_IImapClient_RemoveMessageFlags.htm" />
  <HelpKINode Title="IImapClient.RenameMailbox method" Url="html/M_S22_Imap_IImapClient_RenameMailbox.htm" />
  <HelpKINode Title="IImapClient.Search method" Url="html/M_S22_Imap_IImapClient_Search.htm" />
  <HelpKINode Title="IImapClient.SetMessageFlags method" Url="html/M_S22_Imap_IImapClient_SetMessageFlags.htm" />
  <HelpKINode Title="IImapClient.StoreMessage method" Url="html/M_S22_Imap_IImapClient_StoreMessage.htm" />
  <HelpKINode Title="IImapClient.StoreMessages method" Url="html/M_S22_Imap_IImapClient_StoreMessages.htm" />
  <HelpKINode Title="IImapClient.Supports method" Url="html/M_S22_Imap_IImapClient_Supports.htm" />
  <HelpKINode Title="Image enumeration member" Url="html/T_S22_Imap_ContentType.htm" />
  <HelpKINode Title="ImapClient class" Url="html/AllMembers_T_S22_Imap_ImapClient.htm" />
  <HelpKINode Title="ImapClient class" Url="html/T_S22_Imap_ImapClient.htm" />
  <HelpKINode Title="ImapClient class">
    <HelpKINode Title="about ImapClient class" Url="html/T_S22_Imap_ImapClient.htm" />
    <HelpKINode Title="all members" Url="html/AllMembers_T_S22_Imap_ImapClient.htm" />
    <HelpKINode Title="constructor" Url="html/Overload_S22_Imap_ImapClient__ctor.htm" />
    <HelpKINode Title="events" Url="html/Events_T_S22_Imap_ImapClient.htm" />
    <HelpKINode Title="methods" Url="html/Methods_T_S22_Imap_ImapClient.htm" />
    <HelpKINode Title="properties" Url="html/Properties_T_S22_Imap_ImapClient.htm" />
  </HelpKINode>
  <HelpKINode Title="ImapClient.AddMessageFlags method" Url="html/M_S22_Imap_ImapClient_AddMessageFlags.htm" />
  <HelpKINode Title="ImapClient.Authed property" Url="html/P_S22_Imap_ImapClient_Authed.htm" />
  <HelpKINode Title="ImapClient.Capabilities method" Url="html/M_S22_Imap_ImapClient_Capabilities.htm" />
  <HelpKINode Title="ImapClient.CopyMessage method" Url="html/M_S22_Imap_ImapClient_CopyMessage.htm" />
  <HelpKINode Title="ImapClient.CreateMailbox method" Url="html/M_S22_Imap_ImapClient_CreateMailbox.htm" />
  <HelpKINode Title="ImapClient.DefaultMailbox property" Url="html/P_S22_Imap_ImapClient_DefaultMailbox.htm" />
  <HelpKINode Title="ImapClient.DeleteMailbox method" Url="html/M_S22_Imap_ImapClient_DeleteMailbox.htm" />
  <HelpKINode Title="ImapClient.DeleteMessage method" Url="html/M_S22_Imap_ImapClient_DeleteMessage.htm" />
  <HelpKINode Title="ImapClient.Dispose method" Url="html/M_S22_Imap_ImapClient_Dispose.htm" />
  <HelpKINode Title="ImapClient.Expunge method" Url="html/M_S22_Imap_ImapClient_Expunge.htm" />
  <HelpKINode Title="ImapClient.GetMailboxInfo method" Url="html/M_S22_Imap_ImapClient_GetMailboxInfo.htm" />
  <HelpKINode Title="ImapClient.GetMessage method" Url="html/Overload_S22_Imap_ImapClient_GetMessage.htm" />
  <HelpKINode Title="ImapClient.GetMessageFlags method" Url="html/M_S22_Imap_ImapClient_GetMessageFlags.htm" />
  <HelpKINode Title="ImapClient.GetMessages method" Url="html/Overload_S22_Imap_ImapClient_GetMessages.htm" />
  <HelpKINode Title="ImapClient.ImapClient constructor" Url="html/Overload_S22_Imap_ImapClient__ctor.htm" />
  <HelpKINode Title="ImapClient.ListMailboxes method" Url="html/M_S22_Imap_ImapClient_ListMailboxes.htm" />
  <HelpKINode Title="ImapClient.Login method" Url="html/M_S22_Imap_ImapClient_Login.htm" />
  <HelpKINode Title="ImapClient.Logout method" Url="html/M_S22_Imap_ImapClient_Logout.htm" />
  <HelpKINode Title="ImapClient.MessageDeleted event" Url="html/E_S22_Imap_ImapClient_MessageDeleted.htm" />
  <HelpKINode Title="ImapClient.MoveMessage method" Url="html/M_S22_Imap_ImapClient_MoveMessage.htm" />
  <HelpKINode Title="ImapClient.NewMessage event" Url="html/E_S22_Imap_ImapClient_NewMessage.htm" />
  <HelpKINode Title="ImapClient.RemoveMessageFlags method" Url="html/M_S22_Imap_ImapClient_RemoveMessageFlags.htm" />
  <HelpKINode Title="ImapClient.RenameMailbox method" Url="html/M_S22_Imap_ImapClient_RenameMailbox.htm" />
  <HelpKINode Title="ImapClient.Search method" Url="html/M_S22_Imap_ImapClient_Search.htm" />
  <HelpKINode Title="ImapClient.SetMessageFlags method" Url="html/M_S22_Imap_ImapClient_SetMessageFlags.htm" />
  <HelpKINode Title="ImapClient.StoreMessage method" Url="html/M_S22_Imap_ImapClient_StoreMessage.htm" />
  <HelpKINode Title="ImapClient.StoreMessages method" Url="html/M_S22_Imap_ImapClient_StoreMessages.htm" />
  <HelpKINode Title="ImapClient.Supports method" Url="html/M_S22_Imap_ImapClient_Supports.htm" />
  <HelpKINode Title="Inline enumeration member" Url="html/T_S22_Imap_ContentDispositionType.htm" />
  <HelpKINode Title="InvalidCredentialsException class" Url="html/AllMembers_T_S22_Imap_InvalidCredentialsException.htm" />
  <HelpKINode Title="InvalidCredentialsException class" Url="html/T_S22_Imap_InvalidCredentialsException.htm" />
  <HelpKINode Title="InvalidCredentialsException class">
    <HelpKINode Title="about InvalidCredentialsException class" Url="html/T_S22_Imap_InvalidCredentialsException.htm" />
    <HelpKINode Title="all members" Url="html/AllMembers_T_S22_Imap_InvalidCredentialsException.htm" />
    <HelpKINode Title="constructor" Url="html/Overload_S22_Imap_InvalidCredentialsException__ctor.htm" />
    <HelpKINode Title="events" Url="html/Events_T_S22_Imap_InvalidCredentialsException.htm" />
    <HelpKINode Title="methods" Url="html/Methods_T_S22_Imap_InvalidCredentialsException.htm" />
    <HelpKINode Title="properties" Url="html/Properties_T_S22_Imap_InvalidCredentialsException.htm" />
  </HelpKINode>
  <HelpKINode Title="InvalidCredentialsException.InvalidCredentialsException constructor" Url="html/Overload_S22_Imap_InvalidCredentialsException__ctor.htm" />
  <HelpKINode Title="Keyword method" Url="html/M_S22_Imap_SearchCondition_Keyword.htm" />
  <HelpKINode Title="Language property" Url="html/P_S22_Imap_Bodypart_Language.htm" />
  <HelpKINode Title="Larger method" Url="html/M_S22_Imap_SearchCondition_Larger.htm" />
  <HelpKINode Title="LessThan method" Url="html/M_S22_Imap_SearchCondition_LessThan.htm" />
  <HelpKINode Title="Lines property" Url="html/P_S22_Imap_Bodypart_Lines.htm" />
  <HelpKINode Title="ListMailboxes method" Url="html/M_S22_Imap_IImapClient_ListMailboxes.htm" />
  <HelpKINode Title="ListMailboxes method" Url="html/M_S22_Imap_ImapClient_ListMailboxes.htm" />
  <HelpKINode Title="Location property" Url="html/P_S22_Imap_Bodypart_Location.htm" />
  <HelpKINode Title="Login enumeration member" Url="html/T_S22_Imap_AuthMethod.htm" />
  <HelpKINode Title="Login method" Url="html/M_S22_Imap_IImapClient_Login.htm" />
  <HelpKINode Title="Login method" Url="html/M_S22_Imap_ImapClient_Login.htm" />
  <HelpKINode Title="Logout method" Url="html/M_S22_Imap_IImapClient_Logout.htm" />
  <HelpKINode Title="Logout method" Url="html/M_S22_Imap_ImapClient_Logout.htm" />
  <HelpKINode Title="MailboxFlag enumeration" Url="html/T_S22_Imap_MailboxFlag.htm" />
  <HelpKINode Title="MailboxInfo class" Url="html/AllMembers_T_S22_Imap_MailboxInfo.htm" />
  <HelpKINode Title="MailboxInfo class" Url="html/T_S22_Imap_MailboxInfo.htm" />
  <HelpKINode Title="MailboxInfo class">
    <HelpKINode Title="about MailboxInfo class" Url="html/T_S22_Imap_MailboxInfo.htm" />
    <HelpKINode Title="all members" Url="html/AllMembers_T_S22_Imap_MailboxInfo.htm" />
    <HelpKINode Title="methods" Url="html/Methods_T_S22_Imap_MailboxInfo.htm" />
    <HelpKINode Title="properties" Url="html/Properties_T_S22_Imap_MailboxInfo.htm" />
  </HelpKINode>
  <HelpKINode Title="MailboxInfo.Flags property" Url="html/P_S22_Imap_MailboxInfo_Flags.htm" />
  <HelpKINode Title="MailboxInfo.FreeStorage property" Url="html/P_S22_Imap_MailboxInfo_FreeStorage.htm" />
  <HelpKINode Title="MailboxInfo.Messages property" Url="html/P_S22_Imap_MailboxInfo_Messages.htm" />
  <HelpKINode Title="MailboxInfo.Name property" Url="html/P_S22_Imap_MailboxInfo_Name.htm" />
  <HelpKINode Title="MailboxInfo.NextUID property" Url="html/P_S22_Imap_MailboxInfo_NextUID.htm" />
  <HelpKINode Title="MailboxInfo.ToString method" Url="html/M_S22_Imap_MailboxInfo_ToString.htm" />
  <HelpKINode Title="MailboxInfo.Unread property" Url="html/P_S22_Imap_MailboxInfo_Unread.htm" />
  <HelpKINode Title="MailboxInfo.UsedStorage property" Url="html/P_S22_Imap_MailboxInfo_UsedStorage.htm" />
  <HelpKINode Title="Md5 property" Url="html/P_S22_Imap_Bodypart_Md5.htm" />
  <HelpKINode Title="Message enumeration member" Url="html/T_S22_Imap_ContentType.htm" />
  <HelpKINode Title="MessageCount property" Url="html/P_S22_Imap_IdleMessageEventArgs_MessageCount.htm" />
  <HelpKINode Title="MessageDeleted event" Url="html/E_S22_Imap_IImapClient_MessageDeleted.htm" />
  <HelpKINode Title="MessageDeleted event" Url="html/E_S22_Imap_ImapClient_MessageDeleted.htm" />
  <HelpKINode Title="MessageFlag enumeration" Url="html/T_S22_Imap_MessageFlag.htm" />
  <HelpKINode Title="Messages property" Url="html/P_S22_Imap_MailboxInfo_Messages.htm" />
  <HelpKINode Title="MessageUID property" Url="html/P_S22_Imap_IdleMessageEventArgs_MessageUID.htm" />
  <HelpKINode Title="MoveMessage method" Url="html/M_S22_Imap_IImapClient_MoveMessage.htm" />
  <HelpKINode Title="MoveMessage method" Url="html/M_S22_Imap_ImapClient_MoveMessage.htm" />
  <HelpKINode Title="Name property" Url="html/P_S22_Imap_MailboxInfo_Name.htm" />
  <HelpKINode Title="New method" Url="html/M_S22_Imap_SearchCondition_New.htm" />
  <HelpKINode Title="NewMessage event" Url="html/E_S22_Imap_IImapClient_NewMessage.htm" />
  <HelpKINode Title="NewMessage event" Url="html/E_S22_Imap_ImapClient_NewMessage.htm" />
  <HelpKINode Title="NextUID property" Url="html/P_S22_Imap_MailboxInfo_NextUID.htm" />
  <HelpKINode Title="NoAttachments enumeration member" Url="html/T_S22_Imap_FetchOptions.htm" />
  <HelpKINode Title="Normal enumeration member" Url="html/T_S22_Imap_FetchOptions.htm" />
  <HelpKINode Title="Not method" Url="html/M_S22_Imap_SearchCondition_Not.htm" />
  <HelpKINode Title="NotAuthenticatedException class" Url="html/AllMembers_T_S22_Imap_NotAuthenticatedException.htm" />
  <HelpKINode Title="NotAuthenticatedException class" Url="html/T_S22_Imap_NotAuthenticatedException.htm" />
  <HelpKINode Title="NotAuthenticatedException class">
    <HelpKINode Title="about NotAuthenticatedException class" Url="html/T_S22_Imap_NotAuthenticatedException.htm" />
    <HelpKINode Title="all members" Url="html/AllMembers_T_S22_Imap_NotAuthenticatedException.htm" />
    <HelpKINode Title="constructor" Url="html/Overload_S22_Imap_NotAuthenticatedException__ctor.htm" />
    <HelpKINode Title="events" Url="html/Events_T_S22_Imap_NotAuthenticatedException.htm" />
    <HelpKINode Title="methods" Url="html/Methods_T_S22_Imap_NotAuthenticatedException.htm" />
    <HelpKINode Title="properties" Url="html/Properties_T_S22_Imap_NotAuthenticatedException.htm" />
  </HelpKINode>
  <HelpKINode Title="NotAuthenticatedException.NotAuthenticatedException constructor" Url="html/Overload_S22_Imap_NotAuthenticatedException__ctor.htm" />
  <HelpKINode Title="Ntlm enumeration member" Url="html/T_S22_Imap_AuthMethod.htm" />
  <HelpKINode Title="NtlmOverSspi enumeration member" Url="html/T_S22_Imap_AuthMethod.htm" />
  <HelpKINode Title="Ntlmv2 enumeration member" Url="html/T_S22_Imap_AuthMethod.htm" />
  <HelpKINode Title="OAuth enumeration member" Url="html/T_S22_Imap_AuthMethod.htm" />
  <HelpKINode Title="OAuth2 enumeration member" Url="html/T_S22_Imap_AuthMethod.htm" />
  <HelpKINode Title="Old method" Url="html/M_S22_Imap_SearchCondition_Old.htm" />
  <HelpKINode Title="Or method" Url="html/M_S22_Imap_SearchCondition_Or.htm" />
  <HelpKINode Title="Other enumeration member" Url="html/T_S22_Imap_ContentType.htm" />
  <HelpKINode Title="Parameters property" Url="html/P_S22_Imap_Bodypart_Parameters.htm" />
  <HelpKINode Title="Plain enumeration member" Url="html/T_S22_Imap_AuthMethod.htm" />
  <HelpKINode Title="QuotedPrintable enumeration member" Url="html/T_S22_Imap_ContentTransferEncoding.htm" />
  <HelpKINode Title="Recent enumeration member" Url="html/T_S22_Imap_MessageFlag.htm" />
  <HelpKINode Title="Recent method" Url="html/M_S22_Imap_SearchCondition_Recent.htm" />
  <HelpKINode Title="RemoveMessageFlags method" Url="html/M_S22_Imap_IImapClient_RemoveMessageFlags.htm" />
  <HelpKINode Title="RemoveMessageFlags method" Url="html/M_S22_Imap_ImapClient_RemoveMessageFlags.htm" />
  <HelpKINode Title="RenameMailbox method" Url="html/M_S22_Imap_IImapClient_RenameMailbox.htm" />
  <HelpKINode Title="RenameMailbox method" Url="html/M_S22_Imap_ImapClient_RenameMailbox.htm" />
  <HelpKINode Title="S22.Imap namespace" Url="html/N_S22_Imap.htm" />
  <HelpKINode Title="S22.Imap.AuthMethod enumeration" Url="html/T_S22_Imap_AuthMethod.htm" />
  <HelpKINode Title="S22.Imap.BadServerResponseException class" Url="html/AllMembers_T_S22_Imap_BadServerResponseException.htm" />
  <HelpKINode Title="S22.Imap.BadServerResponseException class" Url="html/T_S22_Imap_BadServerResponseException.htm" />
  <HelpKINode Title="S22.Imap.Bodypart class" Url="html/AllMembers_T_S22_Imap_Bodypart.htm" />
  <HelpKINode Title="S22.Imap.Bodypart class" Url="html/T_S22_Imap_Bodypart.htm" />
  <HelpKINode Title="S22.Imap.ContentDisposition class" Url="html/AllMembers_T_S22_Imap_ContentDisposition.htm" />
  <HelpKINode Title="S22.Imap.ContentDisposition class" Url="html/T_S22_Imap_ContentDisposition.htm" />
  <HelpKINode Title="S22.Imap.ContentDispositionType enumeration" Url="html/T_S22_Imap_ContentDispositionType.htm" />
  <HelpKINode Title="S22.Imap.ContentTransferEncoding enumeration" Url="html/T_S22_Imap_ContentTransferEncoding.htm" />
  <HelpKINode Title="S22.Imap.ContentType enumeration" Url="html/T_S22_Imap_ContentType.htm" />
  <HelpKINode Title="S22.Imap.ExaminePartDelegate delegate" Url="html/T_S22_Imap_ExaminePartDelegate.htm" />
  <HelpKINode Title="S22.Imap.FetchOptions enumeration" Url="html/T_S22_Imap_FetchOptions.htm" />
  <HelpKINode Title="S22.Imap.IdleMessageEventArgs class" Url="html/AllMembers_T_S22_Imap_IdleMessageEventArgs.htm" />
  <HelpKINode Title="S22.Imap.IdleMessageEventArgs class" Url="html/T_S22_Imap_IdleMessageEventArgs.htm" />
  <HelpKINode Title="S22.Imap.IImapClient interface" Url="html/AllMembers_T_S22_Imap_IImapClient.htm" />
  <HelpKINode Title="S22.Imap.IImapClient interface" Url="html/T_S22_Imap_IImapClient.htm" />
  <HelpKINode Title="S22.Imap.ImapClient class" Url="html/AllMembers_T_S22_Imap_ImapClient.htm" />
  <HelpKINode Title="S22.Imap.ImapClient class" Url="html/T_S22_Imap_ImapClient.htm" />
  <HelpKINode Title="S22.Imap.InvalidCredentialsException class" Url="html/AllMembers_T_S22_Imap_InvalidCredentialsException.htm" />
  <HelpKINode Title="S22.Imap.InvalidCredentialsException class" Url="html/T_S22_Imap_InvalidCredentialsException.htm" />
  <HelpKINode Title="S22.Imap.MailboxFlag enumeration" Url="html/T_S22_Imap_MailboxFlag.htm" />
  <HelpKINode Title="S22.Imap.MailboxInfo class" Url="html/AllMembers_T_S22_Imap_MailboxInfo.htm" />
  <HelpKINode Title="S22.Imap.MailboxInfo class" Url="html/T_S22_Imap_MailboxInfo.htm" />
  <HelpKINode Title="S22.Imap.MessageFlag enumeration" Url="html/T_S22_Imap_MessageFlag.htm" />
  <HelpKINode Title="S22.Imap.NotAuthenticatedException class" Url="html/AllMembers_T_S22_Imap_NotAuthenticatedException.htm" />
  <HelpKINode Title="S22.Imap.NotAuthenticatedException class" Url="html/T_S22_Imap_NotAuthenticatedException.htm" />
  <HelpKINode Title="S22.Imap.SearchCondition class" Url="html/AllMembers_T_S22_Imap_SearchCondition.htm" />
  <HelpKINode Title="S22.Imap.SearchCondition class" Url="html/T_S22_Imap_SearchCondition.htm" />
  <HelpKINode Title="ScramSha1 enumeration member" Url="html/T_S22_Imap_AuthMethod.htm" />
  <HelpKINode Title="Search method" Url="html/M_S22_Imap_IImapClient_Search.htm" />
  <HelpKINode Title="Search method" Url="html/M_S22_Imap_ImapClient_Search.htm" />
  <HelpKINode Title="SearchCondition class" Url="html/AllMembers_T_S22_Imap_SearchCondition.htm" />
  <HelpKINode Title="SearchCondition class" Url="html/T_S22_Imap_SearchCondition.htm" />
  <HelpKINode Title="SearchCondition class">
    <HelpKINode Title="about SearchCondition class" Url="html/T_S22_Imap_SearchCondition.htm" />
    <HelpKINode Title="all members" Url="html/AllMembers_T_S22_Imap_SearchCondition.htm" />
    <HelpKINode Title="constructor" Url="html/M_S22_Imap_SearchCondition__ctor.htm" />
    <HelpKINode Title="methods" Url="html/Methods_T_S22_Imap_SearchCondition.htm" />
  </HelpKINode>
  <HelpKINode Title="SearchCondition.All method" Url="html/M_S22_Imap_SearchCondition_All.htm" />
  <HelpKINode Title="SearchCondition.And method" Url="html/M_S22_Imap_SearchCondition_And.htm" />
  <HelpKINode Title="SearchCondition.Answered method" Url="html/M_S22_Imap_SearchCondition_Answered.htm" />
  <HelpKINode Title="SearchCondition.BCC method" Url="html/M_S22_Imap_SearchCondition_BCC.htm" />
  <HelpKINode Title="SearchCondition.Before method" Url="html/M_S22_Imap_SearchCondition_Before.htm" />
  <HelpKINode Title="SearchCondition.Body method" Url="html/M_S22_Imap_SearchCondition_Body.htm" />
  <HelpKINode Title="SearchCondition.Cc method" Url="html/M_S22_Imap_SearchCondition_Cc.htm" />
  <HelpKINode Title="SearchCondition.Deleted method" Url="html/M_S22_Imap_SearchCondition_Deleted.htm" />
  <HelpKINode Title="SearchCondition.Draft method" Url="html/M_S22_Imap_SearchCondition_Draft.htm" />
  <HelpKINode Title="SearchCondition.Flagged method" Url="html/M_S22_Imap_SearchCondition_Flagged.htm" />
  <HelpKINode Title="SearchCondition.From method" Url="html/M_S22_Imap_SearchCondition_From.htm" />
  <HelpKINode Title="SearchCondition.GreaterThan method" Url="html/M_S22_Imap_SearchCondition_GreaterThan.htm" />
  <HelpKINode Title="SearchCondition.Header method" Url="html/M_S22_Imap_SearchCondition_Header.htm" />
  <HelpKINode Title="SearchCondition.Keyword method" Url="html/M_S22_Imap_SearchCondition_Keyword.htm" />
  <HelpKINode Title="SearchCondition.Larger method" Url="html/M_S22_Imap_SearchCondition_Larger.htm" />
  <HelpKINode Title="SearchCondition.LessThan method" Url="html/M_S22_Imap_SearchCondition_LessThan.htm" />
  <HelpKINode Title="SearchCondition.New method" Url="html/M_S22_Imap_SearchCondition_New.htm" />
  <HelpKINode Title="SearchCondition.Not method" Url="html/M_S22_Imap_SearchCondition_Not.htm" />
  <HelpKINode Title="SearchCondition.Old method" Url="html/M_S22_Imap_SearchCondition_Old.htm" />
  <HelpKINode Title="SearchCondition.Or method" Url="html/M_S22_Imap_SearchCondition_Or.htm" />
  <HelpKINode Title="SearchCondition.Recent method" Url="html/M_S22_Imap_SearchCondition_Recent.htm" />
  <HelpKINode Title="SearchCondition.SearchCondition constructor" Url="html/M_S22_Imap_SearchCondition__ctor.htm" />
  <HelpKINode Title="SearchCondition.Seen method" Url="html/M_S22_Imap_SearchCondition_Seen.htm" />
  <HelpKINode Title="SearchCondition.SentBefore method" Url="html/M_S22_Imap_SearchCondition_SentBefore.htm" />
  <HelpKINode Title="SearchCondition.SentOn method" Url="html/M_S22_Imap_SearchCondition_SentOn.htm" />
  <HelpKINode Title="SearchCondition.SentSince method" Url="html/M_S22_Imap_SearchCondition_SentSince.htm" />
  <HelpKINode Title="SearchCondition.Smaller method" Url="html/M_S22_Imap_SearchCondition_Smaller.htm" />
  <HelpKINode Title="SearchCondition.Subject method" Url="html/M_S22_Imap_SearchCondition_Subject.htm" />
  <HelpKINode Title="SearchCondition.Text method" Url="html/M_S22_Imap_SearchCondition_Text.htm" />
  <HelpKINode Title="SearchCondition.To method" Url="html/M_S22_Imap_SearchCondition_To.htm" />
  <HelpKINode Title="SearchCondition.ToString method" Url="html/M_S22_Imap_SearchCondition_ToString.htm" />
  <HelpKINode Title="SearchCondition.UID method" Url="html/M_S22_Imap_SearchCondition_UID.htm" />
  <HelpKINode Title="SearchCondition.Unanswered method" Url="html/M_S22_Imap_SearchCondition_Unanswered.htm" />
  <HelpKINode Title="SearchCondition.Undeleted method" Url="html/M_S22_Imap_SearchCondition_Undeleted.htm" />
  <HelpKINode Title="SearchCondition.Undraft method" Url="html/M_S22_Imap_SearchCondition_Undraft.htm" />
  <HelpKINode Title="SearchCondition.Unflagged method" Url="html/M_S22_Imap_SearchCondition_Unflagged.htm" />
  <HelpKINode Title="SearchCondition.Unkeyword method" Url="html/M_S22_Imap_SearchCondition_Unkeyword.htm" />
  <HelpKINode Title="SearchCondition.Unseen method" Url="html/M_S22_Imap_SearchCondition_Unseen.htm" />
  <HelpKINode Title="Seen enumeration member" Url="html/T_S22_Imap_MessageFlag.htm" />
  <HelpKINode Title="Seen method" Url="html/M_S22_Imap_SearchCondition_Seen.htm" />
  <HelpKINode Title="Sent enumeration member" Url="html/T_S22_Imap_MailboxFlag.htm" />
  <HelpKINode Title="SentBefore method" Url="html/M_S22_Imap_SearchCondition_SentBefore.htm" />
  <HelpKINode Title="SentOn method" Url="html/M_S22_Imap_SearchCondition_SentOn.htm" />
  <HelpKINode Title="SentSince method" Url="html/M_S22_Imap_SearchCondition_SentSince.htm" />
  <HelpKINode Title="SetMessageFlags method" Url="html/M_S22_Imap_IImapClient_SetMessageFlags.htm" />
  <HelpKINode Title="SetMessageFlags method" Url="html/M_S22_Imap_ImapClient_SetMessageFlags.htm" />
  <HelpKINode Title="Size property" Url="html/P_S22_Imap_Bodypart_Size.htm" />
  <HelpKINode Title="Smaller method" Url="html/M_S22_Imap_SearchCondition_Smaller.htm" />
  <HelpKINode Title="Spam enumeration member" Url="html/T_S22_Imap_MailboxFlag.htm" />
  <HelpKINode Title="Srp enumeration member" Url="html/T_S22_Imap_AuthMethod.htm" />
  <HelpKINode Title="StoreMessage method" Url="html/M_S22_Imap_IImapClient_StoreMessage.htm" />
  <HelpKINode Title="StoreMessage method" Url="html/M_S22_Imap_ImapClient_StoreMessage.htm" />
  <HelpKINode Title="StoreMessages method" Url="html/M_S22_Imap_IImapClient_StoreMessages.htm" />
  <HelpKINode Title="StoreMessages method" Url="html/M_S22_Imap_ImapClient_StoreMessages.htm" />
  <HelpKINode Title="Subject method" Url="html/M_S22_Imap_SearchCondition_Subject.htm" />
  <HelpKINode Title="Subtype property" Url="html/P_S22_Imap_Bodypart_Subtype.htm" />
  <HelpKINode Title="Supports method" Url="html/M_S22_Imap_IImapClient_Supports.htm" />
  <HelpKINode Title="Supports method" Url="html/M_S22_Imap_ImapClient_Supports.htm" />
  <HelpKINode Title="Text enumeration member" Url="html/T_S22_Imap_ContentType.htm" />
  <HelpKINode Title="Text method" Url="html/M_S22_Imap_SearchCondition_Text.htm" />
  <HelpKINode Title="TextOnly enumeration member" Url="html/T_S22_Imap_FetchOptions.htm" />
  <HelpKINode Title="To method" Url="html/M_S22_Imap_SearchCondition_To.htm" />
  <HelpKINode Title="ToString method" Url="html/M_S22_Imap_Bodypart_ToString.htm" />
  <HelpKINode Title="ToString method" Url="html/M_S22_Imap_MailboxInfo_ToString.htm" />
  <HelpKINode Title="ToString method" Url="html/M_S22_Imap_SearchCondition_ToString.htm" />
  <HelpKINode Title="Trash enumeration member" Url="html/T_S22_Imap_MailboxFlag.htm" />
  <HelpKINode Title="Type property" Url="html/P_S22_Imap_Bodypart_Type.htm" />
  <HelpKINode Title="Type property" Url="html/P_S22_Imap_ContentDisposition_Type.htm" />
  <HelpKINode Title="UID method" Url="html/M_S22_Imap_SearchCondition_UID.htm" />
  <HelpKINode Title="Unanswered method" Url="html/M_S22_Imap_SearchCondition_Unanswered.htm" />
  <HelpKINode Title="Undeleted method" Url="html/M_S22_Imap_SearchCondition_Undeleted.htm" />
  <HelpKINode Title="Undraft method" Url="html/M_S22_Imap_SearchCondition_Undraft.htm" />
  <HelpKINode Title="Unflagged method" Url="html/M_S22_Imap_SearchCondition_Unflagged.htm" />
  <HelpKINode Title="Unkeyword method" Url="html/M_S22_Imap_SearchCondition_Unkeyword.htm" />
  <HelpKINode Title="Unknown enumeration member" Url="html/T_S22_Imap_ContentDispositionType.htm" />
  <HelpKINode Title="Unknown enumeration member" Url="html/T_S22_Imap_ContentTransferEncoding.htm" />
  <HelpKINode Title="Unread property" Url="html/P_S22_Imap_MailboxInfo_Unread.htm" />
  <HelpKINode Title="Unseen method" Url="html/M_S22_Imap_SearchCondition_Unseen.htm" />
  <HelpKINode Title="UsedStorage property" Url="html/P_S22_Imap_MailboxInfo_UsedStorage.htm" />
  <HelpKINode Title="Video enumeration member" Url="html/T_S22_Imap_ContentType.htm" />
</HelpKI>
