﻿<?xml version="1.0" encoding="utf-8"?>
<HelpTOC>

  <HelpTOCNode Title="Introduction" Url="html/3594968d-91d3-4368-b83d-9a84b4975003.htm" />
  <HelpTOCNode Title="Installation" Url="html/42ece416-da94-444c-b462-5cb566237ca2.htm" />
  <HelpTOCNode Title="Terminology" Url="html/daca426c-bc9f-4d00-a558-c48c3a18ded0.htm" />
  <HelpTOCNode Id="e27a0e45-9f87-4b0b-ae9c-dc33cad7f0a2" Title="Examples" Url="html/b88f7f17-3db5-4515-adaa-e4bc99407adb.htm">
    <HelpTOCNode Title="Connecting to an IMAP server using SSL" Url="html/3430d6ec-5f45-4f7b-9b6d-4d9e40c1d698.htm" />
    <HelpTOCNode Title="Downloading unseen mail messages" Url="html/d860483c-7029-400d-8968-ff7a065ea2bf.htm" />
    <HelpTOCNode Title="Searching for messages" Url="html/780d25b3-3a74-403f-befd-ed15e3c7bb6b.htm" />
    <HelpTOCNode Title="Determining amount of free space left in the inbox" Url="html/b9abe9d9-d810-47c2-8d49-2873e9797450.htm" />
    <HelpTOCNode Title="Receiving IMAP IDLE notifications" Url="html/09965823-35d0-49f3-ba28-cbfe27675655.htm" />
    <HelpTOCNode Title="Handling disconnects during IDLE" Url="html/57868354-c9ea-44a5-9e06-3c239395b4ed.htm" />
    <HelpTOCNode Title="Downloading mail headers only" Url="html/ec6ea9ac-cdf2-4085-80c7-a587702cacce.htm" />
    <HelpTOCNode Title="Download attachments only if they are smaller than 2 Megabytes" Url="html/f76134df-07a8-4dd6-8a14-4ad00db062fb.htm" />
    <HelpTOCNode Title="Download attachments only if they are zip archives" Url="html/ad550dee-cf65-411a-8049-ace3016c0294.htm" />
    <HelpTOCNode Title="Storing mail messages on an IMAP server" Url="html/3e170028-8bd3-4884-9f83-e75edda9f60c.htm" />
  </HelpTOCNode>
  <HelpTOCNode Id="ff0e409f-ad3d-4a10-92d7-e29eaac8efca" Title="S22.Imap Namespace" Url="html/N_S22_Imap.htm">
    <HelpTOCNode Title="AuthMethod Enumeration" Url="html/T_S22_Imap_AuthMethod.htm" />
    <HelpTOCNode Id="128490ab-0d06-4a93-ba95-3706069f99b8" Title="BadServerResponseException Class" Url="html/T_S22_Imap_BadServerResponseException.htm">
      <HelpTOCNode Title="BadServerResponseException Members" Url="html/AllMembers_T_S22_Imap_BadServerResponseException.htm" />
      <HelpTOCNode Id="05bd5cdd-d0bd-42fa-a20f-eb8d374533d5" Title="BadServerResponseException Constructor " Url="html/Overload_S22_Imap_BadServerResponseException__ctor.htm">
        <HelpTOCNode Title="BadServerResponseException Constructor " Url="html/M_S22_Imap_BadServerResponseException__ctor.htm" />
        <HelpTOCNode Title="BadServerResponseException Constructor (String)" Url="html/M_S22_Imap_BadServerResponseException__ctor_2.htm" />
        <HelpTOCNode Title="BadServerResponseException Constructor (SerializationInfo, StreamingContext)" Url="html/M_S22_Imap_BadServerResponseException__ctor_1.htm" />
        <HelpTOCNode Title="BadServerResponseException Constructor (String, Exception)" Url="html/M_S22_Imap_BadServerResponseException__ctor_3.htm" />
      </HelpTOCNode>
      <HelpTOCNode Title="BadServerResponseException Methods" Url="html/Methods_T_S22_Imap_BadServerResponseException.htm" />
      <HelpTOCNode Title="BadServerResponseException Properties" Url="html/Properties_T_S22_Imap_BadServerResponseException.htm" />
      <HelpTOCNode Title="BadServerResponseException Events" Url="html/Events_T_S22_Imap_BadServerResponseException.htm" />
    </HelpTOCNode>
    <HelpTOCNode Id="878f69fc-c1dc-4688-82d2-333a143d725e" Title="Bodypart Class" Url="html/T_S22_Imap_Bodypart.htm">
      <HelpTOCNode Title="Bodypart Members" Url="html/AllMembers_T_S22_Imap_Bodypart.htm" />
      <HelpTOCNode Id="9cde4cc3-5fa1-4533-8c73-bae731f388f9" Title="Bodypart Methods" Url="html/Methods_T_S22_Imap_Bodypart.htm">
        <HelpTOCNode Title="ToString Method " Url="html/M_S22_Imap_Bodypart_ToString.htm" />
      </HelpTOCNode>
      <HelpTOCNode Id="efe3a71e-a609-4878-abf6-8df267c844e8" Title="Bodypart Properties" Url="html/Properties_T_S22_Imap_Bodypart.htm">
        <HelpTOCNode Title="Description Property " Url="html/P_S22_Imap_Bodypart_Description.htm" />
        <HelpTOCNode Title="Disposition Property " Url="html/P_S22_Imap_Bodypart_Disposition.htm" />
        <HelpTOCNode Title="Encoding Property " Url="html/P_S22_Imap_Bodypart_Encoding.htm" />
        <HelpTOCNode Title="Id Property " Url="html/P_S22_Imap_Bodypart_Id.htm" />
        <HelpTOCNode Title="Language Property " Url="html/P_S22_Imap_Bodypart_Language.htm" />
        <HelpTOCNode Title="Lines Property " Url="html/P_S22_Imap_Bodypart_Lines.htm" />
        <HelpTOCNode Title="Location Property " Url="html/P_S22_Imap_Bodypart_Location.htm" />
        <HelpTOCNode Title="Md5 Property " Url="html/P_S22_Imap_Bodypart_Md5.htm" />
        <HelpTOCNode Title="Parameters Property " Url="html/P_S22_Imap_Bodypart_Parameters.htm" />
        <HelpTOCNode Title="Size Property " Url="html/P_S22_Imap_Bodypart_Size.htm" />
        <HelpTOCNode Title="Subtype Property " Url="html/P_S22_Imap_Bodypart_Subtype.htm" />
        <HelpTOCNode Title="Type Property " Url="html/P_S22_Imap_Bodypart_Type.htm" />
      </HelpTOCNode>
    </HelpTOCNode>
    <HelpTOCNode Id="792b58e6-e96e-463a-8272-7d0f0c5f9af6" Title="ContentDisposition Class" Url="html/T_S22_Imap_ContentDisposition.htm">
      <HelpTOCNode Title="ContentDisposition Members" Url="html/AllMembers_T_S22_Imap_ContentDisposition.htm" />
      <HelpTOCNode Title="ContentDisposition Constructor " Url="html/M_S22_Imap_ContentDisposition__ctor.htm" />
      <HelpTOCNode Title="ContentDisposition Methods" Url="html/Methods_T_S22_Imap_ContentDisposition.htm" />
      <HelpTOCNode Id="e96b528e-65f9-413f-86ad-d4cd3e0b53bc" Title="ContentDisposition Properties" Url="html/Properties_T_S22_Imap_ContentDisposition.htm">
        <HelpTOCNode Title="Attributes Property " Url="html/P_S22_Imap_ContentDisposition_Attributes.htm" />
        <HelpTOCNode Title="Filename Property " Url="html/P_S22_Imap_ContentDisposition_Filename.htm" />
        <HelpTOCNode Title="Type Property " Url="html/P_S22_Imap_ContentDisposition_Type.htm" />
      </HelpTOCNode>
    </HelpTOCNode>
    <HelpTOCNode Title="ContentDispositionType Enumeration" Url="html/T_S22_Imap_ContentDispositionType.htm" />
    <HelpTOCNode Title="ContentTransferEncoding Enumeration" Url="html/T_S22_Imap_ContentTransferEncoding.htm" />
    <HelpTOCNode Title="ContentType Enumeration" Url="html/T_S22_Imap_ContentType.htm" />
    <HelpTOCNode Title="ExaminePartDelegate Delegate" Url="html/T_S22_Imap_ExaminePartDelegate.htm" />
    <HelpTOCNode Title="FetchOptions Enumeration" Url="html/T_S22_Imap_FetchOptions.htm" />
    <HelpTOCNode Id="a7dabb0a-71fc-4881-8f70-73d7a3c0d9e4" Title="IdleErrorEventArgs Class" Url="html/T_S22_Imap_IdleErrorEventArgs.htm">
      <HelpTOCNode Title="IdleErrorEventArgs Members" Url="html/AllMembers_T_S22_Imap_IdleErrorEventArgs.htm" />
      <HelpTOCNode Title="IdleErrorEventArgs Methods" Url="html/Methods_T_S22_Imap_IdleErrorEventArgs.htm" />
      <HelpTOCNode Id="a7f1f2da-36a7-4ae0-9cf0-2063fe8f48c3" Title="IdleErrorEventArgs Properties" Url="html/Properties_T_S22_Imap_IdleErrorEventArgs.htm">
        <HelpTOCNode Title="Client Property " Url="html/P_S22_Imap_IdleErrorEventArgs_Client.htm" />
        <HelpTOCNode Title="Exception Property " Url="html/P_S22_Imap_IdleErrorEventArgs_Exception.htm" />
      </HelpTOCNode>
    </HelpTOCNode>
    <HelpTOCNode Id="e6fcf797-c6d5-4126-ab1b-25e20b132451" Title="IdleMessageEventArgs Class" Url="html/T_S22_Imap_IdleMessageEventArgs.htm">
      <HelpTOCNode Title="IdleMessageEventArgs Members" Url="html/AllMembers_T_S22_Imap_IdleMessageEventArgs.htm" />
      <HelpTOCNode Title="IdleMessageEventArgs Methods" Url="html/Methods_T_S22_Imap_IdleMessageEventArgs.htm" />
      <HelpTOCNode Id="734725c3-0e81-4143-861a-bf969268245a" Title="IdleMessageEventArgs Properties" Url="html/Properties_T_S22_Imap_IdleMessageEventArgs.htm">
        <HelpTOCNode Title="Client Property " Url="html/P_S22_Imap_IdleMessageEventArgs_Client.htm" />
        <HelpTOCNode Title="MessageCount Property " Url="html/P_S22_Imap_IdleMessageEventArgs_MessageCount.htm" />
        <HelpTOCNode Title="MessageUID Property " Url="html/P_S22_Imap_IdleMessageEventArgs_MessageUID.htm" />
      </HelpTOCNode>
    </HelpTOCNode>
    <HelpTOCNode Id="a8527d33-11ff-4d38-b544-e9a39ffbfa63" Title="IImapClient Interface" Url="html/T_S22_Imap_IImapClient.htm">
      <HelpTOCNode Title="IImapClient Members" Url="html/AllMembers_T_S22_Imap_IImapClient.htm" />
      <HelpTOCNode Id="e057a5a2-82d7-4323-bf44-5e3043779e02" Title="IImapClient Methods" Url="html/Methods_T_S22_Imap_IImapClient.htm">
        <HelpTOCNode Title="AddMessageFlags Method " Url="html/M_S22_Imap_IImapClient_AddMessageFlags.htm" />
        <HelpTOCNode Title="Capabilities Method " Url="html/M_S22_Imap_IImapClient_Capabilities.htm" />
        <HelpTOCNode Title="CopyMessage Method " Url="html/M_S22_Imap_IImapClient_CopyMessage.htm" />
        <HelpTOCNode Title="CopyMessages Method " Url="html/M_S22_Imap_IImapClient_CopyMessages.htm" />
        <HelpTOCNode Title="CreateMailbox Method " Url="html/M_S22_Imap_IImapClient_CreateMailbox.htm" />
        <HelpTOCNode Title="DeleteMailbox Method " Url="html/M_S22_Imap_IImapClient_DeleteMailbox.htm" />
        <HelpTOCNode Title="DeleteMessage Method " Url="html/M_S22_Imap_IImapClient_DeleteMessage.htm" />
        <HelpTOCNode Title="DeleteMessages Method " Url="html/M_S22_Imap_IImapClient_DeleteMessages.htm" />
        <HelpTOCNode Title="Expunge Method " Url="html/M_S22_Imap_IImapClient_Expunge.htm" />
        <HelpTOCNode Title="GetMailboxInfo Method " Url="html/M_S22_Imap_IImapClient_GetMailboxInfo.htm" />
        <HelpTOCNode Id="6c4e94c0-be8e-45d7-82af-dd1f0fe8f117" Title="GetMessage Method " Url="html/Overload_S22_Imap_IImapClient_GetMessage.htm">
          <HelpTOCNode Title="GetMessage Method (UInt32, Boolean, String)" Url="html/M_S22_Imap_IImapClient_GetMessage_2.htm" />
          <HelpTOCNode Title="GetMessage Method (UInt32, ExaminePartDelegate, Boolean, String)" Url="html/M_S22_Imap_IImapClient_GetMessage.htm" />
          <HelpTOCNode Title="GetMessage Method (UInt32, FetchOptions, Boolean, String)" Url="html/M_S22_Imap_IImapClient_GetMessage_1.htm" />
        </HelpTOCNode>
        <HelpTOCNode Title="GetMessageFlags Method " Url="html/M_S22_Imap_IImapClient_GetMessageFlags.htm" />
        <HelpTOCNode Id="f572f508-ceed-4560-9dad-9361ebc7b279" Title="GetMessages Method " Url="html/Overload_S22_Imap_IImapClient_GetMessages.htm">
          <HelpTOCNode Title="GetMessages Method (IEnumerable(UInt32), Boolean, String)" Url="html/M_S22_Imap_IImapClient_GetMessages_2.htm" />
          <HelpTOCNode Title="GetMessages Method (IEnumerable(UInt32), ExaminePartDelegate, Boolean, String)" Url="html/M_S22_Imap_IImapClient_GetMessages.htm" />
          <HelpTOCNode Title="GetMessages Method (IEnumerable(UInt32), FetchOptions, Boolean, String)" Url="html/M_S22_Imap_IImapClient_GetMessages_1.htm" />
        </HelpTOCNode>
        <HelpTOCNode Title="ListMailboxes Method " Url="html/M_S22_Imap_IImapClient_ListMailboxes.htm" />
        <HelpTOCNode Title="Login Method " Url="html/M_S22_Imap_IImapClient_Login.htm" />
        <HelpTOCNode Title="Logout Method " Url="html/M_S22_Imap_IImapClient_Logout.htm" />
        <HelpTOCNode Title="MoveMessage Method " Url="html/M_S22_Imap_IImapClient_MoveMessage.htm" />
        <HelpTOCNode Title="MoveMessages Method " Url="html/M_S22_Imap_IImapClient_MoveMessages.htm" />
        <HelpTOCNode Title="RemoveMessageFlags Method " Url="html/M_S22_Imap_IImapClient_RemoveMessageFlags.htm" />
        <HelpTOCNode Title="RenameMailbox Method " Url="html/M_S22_Imap_IImapClient_RenameMailbox.htm" />
        <HelpTOCNode Title="Search Method " Url="html/M_S22_Imap_IImapClient_Search.htm" />
        <HelpTOCNode Title="SetMessageFlags Method " Url="html/M_S22_Imap_IImapClient_SetMessageFlags.htm" />
        <HelpTOCNode Title="StoreMessage Method " Url="html/M_S22_Imap_IImapClient_StoreMessage.htm" />
        <HelpTOCNode Title="StoreMessages Method " Url="html/M_S22_Imap_IImapClient_StoreMessages.htm" />
        <HelpTOCNode Title="Supports Method " Url="html/M_S22_Imap_IImapClient_Supports.htm" />
      </HelpTOCNode>
      <HelpTOCNode Id="8495db3a-7f66-4634-88fd-5b34c968687a" Title="IImapClient Properties" Url="html/Properties_T_S22_Imap_IImapClient.htm">
        <HelpTOCNode Title="Authed Property " Url="html/P_S22_Imap_IImapClient_Authed.htm" />
        <HelpTOCNode Title="DefaultMailbox Property " Url="html/P_S22_Imap_IImapClient_DefaultMailbox.htm" />
      </HelpTOCNode>
      <HelpTOCNode Id="9d91d560-49ff-4278-9ddc-3d6f21b5526c" Title="IImapClient Events" Url="html/Events_T_S22_Imap_IImapClient.htm">
        <HelpTOCNode Title="MessageDeleted Event" Url="html/E_S22_Imap_IImapClient_MessageDeleted.htm" />
        <HelpTOCNode Title="NewMessage Event" Url="html/E_S22_Imap_IImapClient_NewMessage.htm" />
      </HelpTOCNode>
    </HelpTOCNode>
    <HelpTOCNode Id="a44a06fb-811f-4128-8365-e74253ea43b7" Title="ImapClient Class" Url="html/T_S22_Imap_ImapClient.htm">
      <HelpTOCNode Title="ImapClient Members" Url="html/AllMembers_T_S22_Imap_ImapClient.htm" />
      <HelpTOCNode Id="c7f6d7ca-0cd2-4ea0-952e-da3cfb8e62d4" Title="ImapClient Constructor " Url="html/Overload_S22_Imap_ImapClient__ctor.htm">
        <HelpTOCNode Title="ImapClient Constructor (String, Int32, Boolean, RemoteCertificateValidationCallback)" Url="html/M_S22_Imap_ImapClient__ctor.htm" />
        <HelpTOCNode Title="ImapClient Constructor (String, Int32, String, String, AuthMethod, Boolean, RemoteCertificateValidationCallback)" Url="html/M_S22_Imap_ImapClient__ctor_1.htm" />
      </HelpTOCNode>
      <HelpTOCNode Id="b13b4f27-53b7-440e-a74d-bc97022edaed" Title="ImapClient Methods" Url="html/Methods_T_S22_Imap_ImapClient.htm">
        <HelpTOCNode Title="AddMessageFlags Method " Url="html/M_S22_Imap_ImapClient_AddMessageFlags.htm" />
        <HelpTOCNode Title="Capabilities Method " Url="html/M_S22_Imap_ImapClient_Capabilities.htm" />
        <HelpTOCNode Title="CopyMessage Method " Url="html/M_S22_Imap_ImapClient_CopyMessage.htm" />
        <HelpTOCNode Title="CopyMessages Method " Url="html/M_S22_Imap_ImapClient_CopyMessages.htm" />
        <HelpTOCNode Title="CreateMailbox Method " Url="html/M_S22_Imap_ImapClient_CreateMailbox.htm" />
        <HelpTOCNode Title="DeleteMailbox Method " Url="html/M_S22_Imap_ImapClient_DeleteMailbox.htm" />
        <HelpTOCNode Title="DeleteMessage Method " Url="html/M_S22_Imap_ImapClient_DeleteMessage.htm" />
        <HelpTOCNode Title="DeleteMessages Method " Url="html/M_S22_Imap_ImapClient_DeleteMessages.htm" />
        <HelpTOCNode Id="6cbb9e58-b25b-4fb4-b85f-fa06b4bf8920" Title="Dispose Method " Url="html/Overload_S22_Imap_ImapClient_Dispose.htm">
          <HelpTOCNode Title="Dispose Method " Url="html/M_S22_Imap_ImapClient_Dispose.htm" />
          <HelpTOCNode Title="Dispose Method (Boolean)" Url="html/M_S22_Imap_ImapClient_Dispose_1.htm" />
        </HelpTOCNode>
        <HelpTOCNode Title="Expunge Method " Url="html/M_S22_Imap_ImapClient_Expunge.htm" />
        <HelpTOCNode Title="GetMailboxInfo Method " Url="html/M_S22_Imap_ImapClient_GetMailboxInfo.htm" />
        <HelpTOCNode Id="e84b09e2-b8b7-48ab-a0f8-cb63dba8b24c" Title="GetMessage Method " Url="html/Overload_S22_Imap_ImapClient_GetMessage.htm">
          <HelpTOCNode Title="GetMessage Method (UInt32, Boolean, String)" Url="html/M_S22_Imap_ImapClient_GetMessage_2.htm" />
          <HelpTOCNode Title="GetMessage Method (UInt32, ExaminePartDelegate, Boolean, String)" Url="html/M_S22_Imap_ImapClient_GetMessage.htm" />
          <HelpTOCNode Title="GetMessage Method (UInt32, FetchOptions, Boolean, String)" Url="html/M_S22_Imap_ImapClient_GetMessage_1.htm" />
        </HelpTOCNode>
        <HelpTOCNode Title="GetMessageFlags Method " Url="html/M_S22_Imap_ImapClient_GetMessageFlags.htm" />
        <HelpTOCNode Id="fc10cf36-cb4e-4f1b-ad8e-0d14e98eead9" Title="GetMessages Method " Url="html/Overload_S22_Imap_ImapClient_GetMessages.htm">
          <HelpTOCNode Title="GetMessages Method (IEnumerable(UInt32), Boolean, String)" Url="html/M_S22_Imap_ImapClient_GetMessages_2.htm" />
          <HelpTOCNode Title="GetMessages Method (IEnumerable(UInt32), ExaminePartDelegate, Boolean, String)" Url="html/M_S22_Imap_ImapClient_GetMessages.htm" />
          <HelpTOCNode Title="GetMessages Method (IEnumerable(UInt32), FetchOptions, Boolean, String)" Url="html/M_S22_Imap_ImapClient_GetMessages_1.htm" />
        </HelpTOCNode>
        <HelpTOCNode Title="ListMailboxes Method " Url="html/M_S22_Imap_ImapClient_ListMailboxes.htm" />
        <HelpTOCNode Title="Login Method " Url="html/M_S22_Imap_ImapClient_Login.htm" />
        <HelpTOCNode Title="Logout Method " Url="html/M_S22_Imap_ImapClient_Logout.htm" />
        <HelpTOCNode Title="MoveMessage Method " Url="html/M_S22_Imap_ImapClient_MoveMessage.htm" />
        <HelpTOCNode Title="MoveMessages Method " Url="html/M_S22_Imap_ImapClient_MoveMessages.htm" />
        <HelpTOCNode Title="RemoveMessageFlags Method " Url="html/M_S22_Imap_ImapClient_RemoveMessageFlags.htm" />
        <HelpTOCNode Title="RenameMailbox Method " Url="html/M_S22_Imap_ImapClient_RenameMailbox.htm" />
        <HelpTOCNode Title="Search Method " Url="html/M_S22_Imap_ImapClient_Search.htm" />
        <HelpTOCNode Title="SetMessageFlags Method " Url="html/M_S22_Imap_ImapClient_SetMessageFlags.htm" />
        <HelpTOCNode Title="StoreMessage Method " Url="html/M_S22_Imap_ImapClient_StoreMessage.htm" />
        <HelpTOCNode Title="StoreMessages Method " Url="html/M_S22_Imap_ImapClient_StoreMessages.htm" />
        <HelpTOCNode Title="Supports Method " Url="html/M_S22_Imap_ImapClient_Supports.htm" />
      </HelpTOCNode>
      <HelpTOCNode Id="a8841e41-118a-435c-ba34-44dd26e5476c" Title="ImapClient Properties" Url="html/Properties_T_S22_Imap_ImapClient.htm">
        <HelpTOCNode Title="Authed Property " Url="html/P_S22_Imap_ImapClient_Authed.htm" />
        <HelpTOCNode Title="DefaultMailbox Property " Url="html/P_S22_Imap_ImapClient_DefaultMailbox.htm" />
      </HelpTOCNode>
      <HelpTOCNode Id="c9795bcb-5715-43c9-b30f-069e8c4aadfb" Title="ImapClient Events" Url="html/Events_T_S22_Imap_ImapClient.htm">
        <HelpTOCNode Title="IdleError Event" Url="html/E_S22_Imap_ImapClient_IdleError.htm" />
        <HelpTOCNode Title="MessageDeleted Event" Url="html/E_S22_Imap_ImapClient_MessageDeleted.htm" />
        <HelpTOCNode Title="NewMessage Event" Url="html/E_S22_Imap_ImapClient_NewMessage.htm" />
      </HelpTOCNode>
    </HelpTOCNode>
    <HelpTOCNode Id="4bba41c0-9b7e-4ed3-bf33-3b8296fc4a8f" Title="InvalidCredentialsException Class" Url="html/T_S22_Imap_InvalidCredentialsException.htm">
      <HelpTOCNode Title="InvalidCredentialsException Members" Url="html/AllMembers_T_S22_Imap_InvalidCredentialsException.htm" />
      <HelpTOCNode Id="3a79f8b0-60bc-448b-8d42-6a6d94f87dfe" Title="InvalidCredentialsException Constructor " Url="html/Overload_S22_Imap_InvalidCredentialsException__ctor.htm">
        <HelpTOCNode Title="InvalidCredentialsException Constructor " Url="html/M_S22_Imap_InvalidCredentialsException__ctor.htm" />
        <HelpTOCNode Title="InvalidCredentialsException Constructor (String)" Url="html/M_S22_Imap_InvalidCredentialsException__ctor_2.htm" />
        <HelpTOCNode Title="InvalidCredentialsException Constructor (SerializationInfo, StreamingContext)" Url="html/M_S22_Imap_InvalidCredentialsException__ctor_1.htm" />
        <HelpTOCNode Title="InvalidCredentialsException Constructor (String, Exception)" Url="html/M_S22_Imap_InvalidCredentialsException__ctor_3.htm" />
      </HelpTOCNode>
      <HelpTOCNode Title="InvalidCredentialsException Methods" Url="html/Methods_T_S22_Imap_InvalidCredentialsException.htm" />
      <HelpTOCNode Title="InvalidCredentialsException Properties" Url="html/Properties_T_S22_Imap_InvalidCredentialsException.htm" />
      <HelpTOCNode Title="InvalidCredentialsException Events" Url="html/Events_T_S22_Imap_InvalidCredentialsException.htm" />
    </HelpTOCNode>
    <HelpTOCNode Title="MailboxFlag Enumeration" Url="html/T_S22_Imap_MailboxFlag.htm" />
    <HelpTOCNode Id="3818e2d1-a4de-4e75-9f94-122c56b66739" Title="MailboxInfo Class" Url="html/T_S22_Imap_MailboxInfo.htm">
      <HelpTOCNode Title="MailboxInfo Members" Url="html/AllMembers_T_S22_Imap_MailboxInfo.htm" />
      <HelpTOCNode Id="8f964553-7657-495b-bfa0-3b49e15a971b" Title="MailboxInfo Methods" Url="html/Methods_T_S22_Imap_MailboxInfo.htm">
        <HelpTOCNode Title="ToString Method " Url="html/M_S22_Imap_MailboxInfo_ToString.htm" />
      </HelpTOCNode>
      <HelpTOCNode Id="b183a5c5-9799-43d6-946d-15f46a99f124" Title="MailboxInfo Properties" Url="html/Properties_T_S22_Imap_MailboxInfo.htm">
        <HelpTOCNode Title="Flags Property " Url="html/P_S22_Imap_MailboxInfo_Flags.htm" />
        <HelpTOCNode Title="FreeStorage Property " Url="html/P_S22_Imap_MailboxInfo_FreeStorage.htm" />
        <HelpTOCNode Title="Messages Property " Url="html/P_S22_Imap_MailboxInfo_Messages.htm" />
        <HelpTOCNode Title="Name Property " Url="html/P_S22_Imap_MailboxInfo_Name.htm" />
        <HelpTOCNode Title="NextUID Property " Url="html/P_S22_Imap_MailboxInfo_NextUID.htm" />
        <HelpTOCNode Title="Unread Property " Url="html/P_S22_Imap_MailboxInfo_Unread.htm" />
        <HelpTOCNode Title="UsedStorage Property " Url="html/P_S22_Imap_MailboxInfo_UsedStorage.htm" />
      </HelpTOCNode>
    </HelpTOCNode>
    <HelpTOCNode Id="199afaae-8104-456a-8dbc-4ea535fad207" Title="MailMessageExtension Class" Url="html/T_S22_Imap_MailMessageExtension.htm">
      <HelpTOCNode Title="MailMessageExtension Members" Url="html/AllMembers_T_S22_Imap_MailMessageExtension.htm" />
      <HelpTOCNode Id="11d21c82-b207-4c0e-a30c-f9c4fa287acd" Title="MailMessageExtension Methods" Url="html/Methods_T_S22_Imap_MailMessageExtension.htm">
        <HelpTOCNode Title="Date Method " Url="html/M_S22_Imap_MailMessageExtension_Date.htm" />
      </HelpTOCNode>
    </HelpTOCNode>
    <HelpTOCNode Title="MessageFlag Enumeration" Url="html/T_S22_Imap_MessageFlag.htm" />
    <HelpTOCNode Id="c5d5053b-e33c-4b79-9f86-1ce947bacaf0" Title="NotAuthenticatedException Class" Url="html/T_S22_Imap_NotAuthenticatedException.htm">
      <HelpTOCNode Title="NotAuthenticatedException Members" Url="html/AllMembers_T_S22_Imap_NotAuthenticatedException.htm" />
      <HelpTOCNode Id="59f77206-9a76-41fe-b929-bd2e5fd48e64" Title="NotAuthenticatedException Constructor " Url="html/Overload_S22_Imap_NotAuthenticatedException__ctor.htm">
        <HelpTOCNode Title="NotAuthenticatedException Constructor " Url="html/M_S22_Imap_NotAuthenticatedException__ctor.htm" />
        <HelpTOCNode Title="NotAuthenticatedException Constructor (String)" Url="html/M_S22_Imap_NotAuthenticatedException__ctor_2.htm" />
        <HelpTOCNode Title="NotAuthenticatedException Constructor (SerializationInfo, StreamingContext)" Url="html/M_S22_Imap_NotAuthenticatedException__ctor_1.htm" />
        <HelpTOCNode Title="NotAuthenticatedException Constructor (String, Exception)" Url="html/M_S22_Imap_NotAuthenticatedException__ctor_3.htm" />
      </HelpTOCNode>
      <HelpTOCNode Title="NotAuthenticatedException Methods" Url="html/Methods_T_S22_Imap_NotAuthenticatedException.htm" />
      <HelpTOCNode Title="NotAuthenticatedException Properties" Url="html/Properties_T_S22_Imap_NotAuthenticatedException.htm" />
      <HelpTOCNode Title="NotAuthenticatedException Events" Url="html/Events_T_S22_Imap_NotAuthenticatedException.htm" />
    </HelpTOCNode>
    <HelpTOCNode Id="b73dd8de-af7f-4c9a-84de-36f2dd1ae4cd" Title="SearchCondition Class" Url="html/T_S22_Imap_SearchCondition.htm">
      <HelpTOCNode Title="SearchCondition Members" Url="html/AllMembers_T_S22_Imap_SearchCondition.htm" />
      <HelpTOCNode Title="SearchCondition Constructor " Url="html/M_S22_Imap_SearchCondition__ctor.htm" />
      <HelpTOCNode Id="8b6aaa6d-c2ba-49e4-942d-7679952f58ba" Title="SearchCondition Methods" Url="html/Methods_T_S22_Imap_SearchCondition.htm">
        <HelpTOCNode Title="All Method " Url="html/M_S22_Imap_SearchCondition_All.htm" />
        <HelpTOCNode Title="And Method " Url="html/M_S22_Imap_SearchCondition_And.htm" />
        <HelpTOCNode Title="Answered Method " Url="html/M_S22_Imap_SearchCondition_Answered.htm" />
        <HelpTOCNode Title="BCC Method " Url="html/M_S22_Imap_SearchCondition_BCC.htm" />
        <HelpTOCNode Title="Before Method " Url="html/M_S22_Imap_SearchCondition_Before.htm" />
        <HelpTOCNode Title="Body Method " Url="html/M_S22_Imap_SearchCondition_Body.htm" />
        <HelpTOCNode Title="Cc Method " Url="html/M_S22_Imap_SearchCondition_Cc.htm" />
        <HelpTOCNode Title="Deleted Method " Url="html/M_S22_Imap_SearchCondition_Deleted.htm" />
        <HelpTOCNode Title="Draft Method " Url="html/M_S22_Imap_SearchCondition_Draft.htm" />
        <HelpTOCNode Title="Flagged Method " Url="html/M_S22_Imap_SearchCondition_Flagged.htm" />
        <HelpTOCNode Title="From Method " Url="html/M_S22_Imap_SearchCondition_From.htm" />
        <HelpTOCNode Title="GreaterThan Method " Url="html/M_S22_Imap_SearchCondition_GreaterThan.htm" />
        <HelpTOCNode Title="Header Method " Url="html/M_S22_Imap_SearchCondition_Header.htm" />
        <HelpTOCNode Title="Keyword Method " Url="html/M_S22_Imap_SearchCondition_Keyword.htm" />
        <HelpTOCNode Title="Larger Method " Url="html/M_S22_Imap_SearchCondition_Larger.htm" />
        <HelpTOCNode Title="LessThan Method " Url="html/M_S22_Imap_SearchCondition_LessThan.htm" />
        <HelpTOCNode Title="New Method " Url="html/M_S22_Imap_SearchCondition_New.htm" />
        <HelpTOCNode Title="Not Method " Url="html/M_S22_Imap_SearchCondition_Not.htm" />
        <HelpTOCNode Title="Old Method " Url="html/M_S22_Imap_SearchCondition_Old.htm" />
        <HelpTOCNode Title="Or Method " Url="html/M_S22_Imap_SearchCondition_Or.htm" />
        <HelpTOCNode Title="Recent Method " Url="html/M_S22_Imap_SearchCondition_Recent.htm" />
        <HelpTOCNode Title="Seen Method " Url="html/M_S22_Imap_SearchCondition_Seen.htm" />
        <HelpTOCNode Title="SentBefore Method " Url="html/M_S22_Imap_SearchCondition_SentBefore.htm" />
        <HelpTOCNode Title="SentOn Method " Url="html/M_S22_Imap_SearchCondition_SentOn.htm" />
        <HelpTOCNode Title="SentSince Method " Url="html/M_S22_Imap_SearchCondition_SentSince.htm" />
        <HelpTOCNode Title="Smaller Method " Url="html/M_S22_Imap_SearchCondition_Smaller.htm" />
        <HelpTOCNode Title="Subject Method " Url="html/M_S22_Imap_SearchCondition_Subject.htm" />
        <HelpTOCNode Title="Text Method " Url="html/M_S22_Imap_SearchCondition_Text.htm" />
        <HelpTOCNode Title="To Method " Url="html/M_S22_Imap_SearchCondition_To.htm" />
        <HelpTOCNode Title="ToString Method " Url="html/M_S22_Imap_SearchCondition_ToString.htm" />
        <HelpTOCNode Title="UID Method " Url="html/M_S22_Imap_SearchCondition_UID.htm" />
        <HelpTOCNode Title="Unanswered Method " Url="html/M_S22_Imap_SearchCondition_Unanswered.htm" />
        <HelpTOCNode Title="Undeleted Method " Url="html/M_S22_Imap_SearchCondition_Undeleted.htm" />
        <HelpTOCNode Title="Undraft Method " Url="html/M_S22_Imap_SearchCondition_Undraft.htm" />
        <HelpTOCNode Title="Unflagged Method " Url="html/M_S22_Imap_SearchCondition_Unflagged.htm" />
        <HelpTOCNode Title="Unkeyword Method " Url="html/M_S22_Imap_SearchCondition_Unkeyword.htm" />
        <HelpTOCNode Title="Unseen Method " Url="html/M_S22_Imap_SearchCondition_Unseen.htm" />
      </HelpTOCNode>
    </HelpTOCNode>
  </HelpTOCNode>
</HelpTOC>
