﻿<?xml version="1.0" encoding="utf-8"?>
<HelpTOC>

  <HelpTOCNode Id="d40a9e37-1681-4624-af77-c251d8757c31" Title="S22.Imap Namespace" Url="html/N_S22_Imap.htm">
    <HelpTOCNode Title="AuthMethod Enumeration" Url="html/T_S22_Imap_AuthMethod.htm" />
    <HelpTOCNode Id="a21a9ac1-0313-409c-825e-627fe524b72a" Title="BadServerResponseException Class" Url="html/T_S22_Imap_BadServerResponseException.htm">
      <HelpTOCNode Title="BadServerResponseException Members" Url="html/AllMembers_T_S22_Imap_BadServerResponseException.htm" />
      <HelpTOCNode Id="d564ddc9-54f7-4b3d-8875-687dddbaa224" Title="BadServerResponseException Constructor " Url="html/Overload_S22_Imap_BadServerResponseException__ctor.htm">
        <HelpTOCNode Title="BadServerResponseException Constructor " Url="html/M_S22_Imap_BadServerResponseException__ctor.htm" />
        <HelpTOCNode Title="BadServerResponseException Constructor (String)" Url="html/M_S22_Imap_BadServerResponseException__ctor_2.htm" />
        <HelpTOCNode Title="BadServerResponseException Constructor (SerializationInfo, StreamingContext)" Url="html/M_S22_Imap_BadServerResponseException__ctor_1.htm" />
        <HelpTOCNode Title="BadServerResponseException Constructor (String, Exception)" Url="html/M_S22_Imap_BadServerResponseException__ctor_3.htm" />
      </HelpTOCNode>
      <HelpTOCNode Title="BadServerResponseException Methods" Url="html/Methods_T_S22_Imap_BadServerResponseException.htm" />
      <HelpTOCNode Title="BadServerResponseException Properties" Url="html/Properties_T_S22_Imap_BadServerResponseException.htm" />
      <HelpTOCNode Title="BadServerResponseException Events" Url="html/Events_T_S22_Imap_BadServerResponseException.htm" />
    </HelpTOCNode>
    <HelpTOCNode Id="29446f44-65fe-4199-bdfa-97e25988aa67" Title="Bodypart Class" Url="html/T_S22_Imap_Bodypart.htm">
      <HelpTOCNode Title="Bodypart Members" Url="html/AllMembers_T_S22_Imap_Bodypart.htm" />
      <HelpTOCNode Id="915f1510-5c2f-4f3d-807c-4f2ad518d34a" Title="Bodypart Methods" Url="html/Methods_T_S22_Imap_Bodypart.htm">
        <HelpTOCNode Title="ToString Method " Url="html/M_S22_Imap_Bodypart_ToString.htm" />
      </HelpTOCNode>
      <HelpTOCNode Id="464134b1-05de-4876-b8e9-7325c223abd2" Title="Bodypart Properties" Url="html/Properties_T_S22_Imap_Bodypart.htm">
        <HelpTOCNode Title="Description Property " Url="html/P_S22_Imap_Bodypart_Description.htm" />
        <HelpTOCNode Title="Disposition Property " Url="html/P_S22_Imap_Bodypart_Disposition.htm" />
        <HelpTOCNode Title="Encoding Property " Url="html/P_S22_Imap_Bodypart_Encoding.htm" />
        <HelpTOCNode Title="Id Property " Url="html/P_S22_Imap_Bodypart_Id.htm" />
        <HelpTOCNode Title="Language Property " Url="html/P_S22_Imap_Bodypart_Language.htm" />
        <HelpTOCNode Title="Lines Property " Url="html/P_S22_Imap_Bodypart_Lines.htm" />
        <HelpTOCNode Title="Location Property " Url="html/P_S22_Imap_Bodypart_Location.htm" />
        <HelpTOCNode Title="Md5 Property " Url="html/P_S22_Imap_Bodypart_Md5.htm" />
        <HelpTOCNode Title="Parameters Property " Url="html/P_S22_Imap_Bodypart_Parameters.htm" />
        <HelpTOCNode Title="Size Property " Url="html/P_S22_Imap_Bodypart_Size.htm" />
        <HelpTOCNode Title="Subtype Property " Url="html/P_S22_Imap_Bodypart_Subtype.htm" />
        <HelpTOCNode Title="Type Property " Url="html/P_S22_Imap_Bodypart_Type.htm" />
      </HelpTOCNode>
    </HelpTOCNode>
    <HelpTOCNode Id="7323997c-5d40-4282-8d91-a0f86eeba301" Title="ContentDisposition Class" Url="html/T_S22_Imap_ContentDisposition.htm">
      <HelpTOCNode Title="ContentDisposition Members" Url="html/AllMembers_T_S22_Imap_ContentDisposition.htm" />
      <HelpTOCNode Title="ContentDisposition Constructor " Url="html/M_S22_Imap_ContentDisposition__ctor.htm" />
      <HelpTOCNode Title="ContentDisposition Methods" Url="html/Methods_T_S22_Imap_ContentDisposition.htm" />
      <HelpTOCNode Id="82668594-4781-4857-85f6-877d2cb4a43a" Title="ContentDisposition Properties" Url="html/Properties_T_S22_Imap_ContentDisposition.htm">
        <HelpTOCNode Title="Attributes Property " Url="html/P_S22_Imap_ContentDisposition_Attributes.htm" />
        <HelpTOCNode Title="Filename Property " Url="html/P_S22_Imap_ContentDisposition_Filename.htm" />
        <HelpTOCNode Title="Type Property " Url="html/P_S22_Imap_ContentDisposition_Type.htm" />
      </HelpTOCNode>
    </HelpTOCNode>
    <HelpTOCNode Title="ContentDispositionType Enumeration" Url="html/T_S22_Imap_ContentDispositionType.htm" />
    <HelpTOCNode Title="ContentTransferEncoding Enumeration" Url="html/T_S22_Imap_ContentTransferEncoding.htm" />
    <HelpTOCNode Title="ContentType Enumeration" Url="html/T_S22_Imap_ContentType.htm" />
    <HelpTOCNode Title="ExaminePartDelegate Delegate" Url="html/T_S22_Imap_ExaminePartDelegate.htm" />
    <HelpTOCNode Title="FetchOptions Enumeration" Url="html/T_S22_Imap_FetchOptions.htm" />
    <HelpTOCNode Id="2c7fec8e-ea23-4962-95a2-44449c2ea12b" Title="IdleMessageEventArgs Class" Url="html/T_S22_Imap_IdleMessageEventArgs.htm">
      <HelpTOCNode Title="IdleMessageEventArgs Members" Url="html/AllMembers_T_S22_Imap_IdleMessageEventArgs.htm" />
      <HelpTOCNode Title="IdleMessageEventArgs Methods" Url="html/Methods_T_S22_Imap_IdleMessageEventArgs.htm" />
      <HelpTOCNode Id="8b787229-6de3-4aaf-8265-36136cf1282e" Title="IdleMessageEventArgs Properties" Url="html/Properties_T_S22_Imap_IdleMessageEventArgs.htm">
        <HelpTOCNode Title="Client Property " Url="html/P_S22_Imap_IdleMessageEventArgs_Client.htm" />
        <HelpTOCNode Title="MessageCount Property " Url="html/P_S22_Imap_IdleMessageEventArgs_MessageCount.htm" />
        <HelpTOCNode Title="MessageUID Property " Url="html/P_S22_Imap_IdleMessageEventArgs_MessageUID.htm" />
      </HelpTOCNode>
    </HelpTOCNode>
    <HelpTOCNode Id="d1b89edc-29ee-4325-a177-cd2aa61ab1a6" Title="IImapClient Interface" Url="html/T_S22_Imap_IImapClient.htm">
      <HelpTOCNode Title="IImapClient Members" Url="html/AllMembers_T_S22_Imap_IImapClient.htm" />
      <HelpTOCNode Id="2bbe1502-14b1-4e22-bc42-51a3c22a5650" Title="IImapClient Methods" Url="html/Methods_T_S22_Imap_IImapClient.htm">
        <HelpTOCNode Title="AddMessageFlags Method " Url="html/M_S22_Imap_IImapClient_AddMessageFlags.htm" />
        <HelpTOCNode Title="Capabilities Method " Url="html/M_S22_Imap_IImapClient_Capabilities.htm" />
        <HelpTOCNode Title="CopyMessage Method " Url="html/M_S22_Imap_IImapClient_CopyMessage.htm" />
        <HelpTOCNode Title="CreateMailbox Method " Url="html/M_S22_Imap_IImapClient_CreateMailbox.htm" />
        <HelpTOCNode Title="DeleteMailbox Method " Url="html/M_S22_Imap_IImapClient_DeleteMailbox.htm" />
        <HelpTOCNode Title="DeleteMessage Method " Url="html/M_S22_Imap_IImapClient_DeleteMessage.htm" />
        <HelpTOCNode Title="Expunge Method " Url="html/M_S22_Imap_IImapClient_Expunge.htm" />
        <HelpTOCNode Title="GetMailboxInfo Method " Url="html/M_S22_Imap_IImapClient_GetMailboxInfo.htm" />
        <HelpTOCNode Id="eb45075e-a4d8-45c7-b824-bb52b3fd1b3b" Title="GetMessage Method " Url="html/Overload_S22_Imap_IImapClient_GetMessage.htm">
          <HelpTOCNode Title="GetMessage Method (UInt32, Boolean, String)" Url="html/M_S22_Imap_IImapClient_GetMessage_2.htm" />
          <HelpTOCNode Title="GetMessage Method (UInt32, ExaminePartDelegate, Boolean, String)" Url="html/M_S22_Imap_IImapClient_GetMessage.htm" />
          <HelpTOCNode Title="GetMessage Method (UInt32, FetchOptions, Boolean, String)" Url="html/M_S22_Imap_IImapClient_GetMessage_1.htm" />
        </HelpTOCNode>
        <HelpTOCNode Title="GetMessageFlags Method " Url="html/M_S22_Imap_IImapClient_GetMessageFlags.htm" />
        <HelpTOCNode Id="5fce48e1-2272-4e28-89d1-5f02ef8384ea" Title="GetMessages Method " Url="html/Overload_S22_Imap_IImapClient_GetMessages.htm">
          <HelpTOCNode Title="GetMessages Method (UInt32[], Boolean, String)" Url="html/M_S22_Imap_IImapClient_GetMessages_2.htm" />
          <HelpTOCNode Title="GetMessages Method (UInt32[], ExaminePartDelegate, Boolean, String)" Url="html/M_S22_Imap_IImapClient_GetMessages.htm" />
          <HelpTOCNode Title="GetMessages Method (UInt32[], FetchOptions, Boolean, String)" Url="html/M_S22_Imap_IImapClient_GetMessages_1.htm" />
        </HelpTOCNode>
        <HelpTOCNode Title="ListMailboxes Method " Url="html/M_S22_Imap_IImapClient_ListMailboxes.htm" />
        <HelpTOCNode Title="Login Method " Url="html/M_S22_Imap_IImapClient_Login.htm" />
        <HelpTOCNode Title="Logout Method " Url="html/M_S22_Imap_IImapClient_Logout.htm" />
        <HelpTOCNode Title="MoveMessage Method " Url="html/M_S22_Imap_IImapClient_MoveMessage.htm" />
        <HelpTOCNode Title="RemoveMessageFlags Method " Url="html/M_S22_Imap_IImapClient_RemoveMessageFlags.htm" />
        <HelpTOCNode Title="RenameMailbox Method " Url="html/M_S22_Imap_IImapClient_RenameMailbox.htm" />
        <HelpTOCNode Title="Search Method " Url="html/M_S22_Imap_IImapClient_Search.htm" />
        <HelpTOCNode Title="SetMessageFlags Method " Url="html/M_S22_Imap_IImapClient_SetMessageFlags.htm" />
        <HelpTOCNode Title="StoreMessage Method " Url="html/M_S22_Imap_IImapClient_StoreMessage.htm" />
        <HelpTOCNode Title="StoreMessages Method " Url="html/M_S22_Imap_IImapClient_StoreMessages.htm" />
        <HelpTOCNode Title="Supports Method " Url="html/M_S22_Imap_IImapClient_Supports.htm" />
      </HelpTOCNode>
      <HelpTOCNode Id="1f4a5f0f-5a88-4565-857d-81ee1268f523" Title="IImapClient Properties" Url="html/Properties_T_S22_Imap_IImapClient.htm">
        <HelpTOCNode Title="Authed Property " Url="html/P_S22_Imap_IImapClient_Authed.htm" />
        <HelpTOCNode Title="DefaultMailbox Property " Url="html/P_S22_Imap_IImapClient_DefaultMailbox.htm" />
      </HelpTOCNode>
      <HelpTOCNode Id="6569e221-0a11-42de-9d24-67658702fab2" Title="IImapClient Events" Url="html/Events_T_S22_Imap_IImapClient.htm">
        <HelpTOCNode Title="MessageDeleted Event" Url="html/E_S22_Imap_IImapClient_MessageDeleted.htm" />
        <HelpTOCNode Title="NewMessage Event" Url="html/E_S22_Imap_IImapClient_NewMessage.htm" />
      </HelpTOCNode>
    </HelpTOCNode>
    <HelpTOCNode Id="4843ac83-f90b-4cb9-9137-2d85f3864e6e" Title="ImapClient Class" Url="html/T_S22_Imap_ImapClient.htm">
      <HelpTOCNode Title="ImapClient Members" Url="html/AllMembers_T_S22_Imap_ImapClient.htm" />
      <HelpTOCNode Id="25f6ca74-2cf3-4073-94f3-0cb6c19420de" Title="ImapClient Constructor " Url="html/Overload_S22_Imap_ImapClient__ctor.htm">
        <HelpTOCNode Title="ImapClient Constructor (String, Int32, Boolean, RemoteCertificateValidationCallback)" Url="html/M_S22_Imap_ImapClient__ctor.htm" />
        <HelpTOCNode Title="ImapClient Constructor (String, Int32, String, String, AuthMethod, Boolean, RemoteCertificateValidationCallback)" Url="html/M_S22_Imap_ImapClient__ctor_1.htm" />
      </HelpTOCNode>
      <HelpTOCNode Id="c9f99c7d-7454-48a6-9956-239c5f9b3884" Title="ImapClient Methods" Url="html/Methods_T_S22_Imap_ImapClient.htm">
        <HelpTOCNode Title="AddMessageFlags Method " Url="html/M_S22_Imap_ImapClient_AddMessageFlags.htm" />
        <HelpTOCNode Title="Capabilities Method " Url="html/M_S22_Imap_ImapClient_Capabilities.htm" />
        <HelpTOCNode Title="CopyMessage Method " Url="html/M_S22_Imap_ImapClient_CopyMessage.htm" />
        <HelpTOCNode Title="CreateMailbox Method " Url="html/M_S22_Imap_ImapClient_CreateMailbox.htm" />
        <HelpTOCNode Title="DeleteMailbox Method " Url="html/M_S22_Imap_ImapClient_DeleteMailbox.htm" />
        <HelpTOCNode Title="DeleteMessage Method " Url="html/M_S22_Imap_ImapClient_DeleteMessage.htm" />
        <HelpTOCNode Title="Dispose Method " Url="html/M_S22_Imap_ImapClient_Dispose.htm" />
        <HelpTOCNode Title="Expunge Method " Url="html/M_S22_Imap_ImapClient_Expunge.htm" />
        <HelpTOCNode Title="GetMailboxInfo Method " Url="html/M_S22_Imap_ImapClient_GetMailboxInfo.htm" />
        <HelpTOCNode Id="09f8a9a3-d9d4-4bc1-bf4d-5c9ab607d73a" Title="GetMessage Method " Url="html/Overload_S22_Imap_ImapClient_GetMessage.htm">
          <HelpTOCNode Title="GetMessage Method (UInt32, Boolean, String)" Url="html/M_S22_Imap_ImapClient_GetMessage_2.htm" />
          <HelpTOCNode Title="GetMessage Method (UInt32, ExaminePartDelegate, Boolean, String)" Url="html/M_S22_Imap_ImapClient_GetMessage.htm" />
          <HelpTOCNode Title="GetMessage Method (UInt32, FetchOptions, Boolean, String)" Url="html/M_S22_Imap_ImapClient_GetMessage_1.htm" />
        </HelpTOCNode>
        <HelpTOCNode Title="GetMessageFlags Method " Url="html/M_S22_Imap_ImapClient_GetMessageFlags.htm" />
        <HelpTOCNode Id="0e2cdb92-e92b-4732-843c-7a7317068f8e" Title="GetMessages Method " Url="html/Overload_S22_Imap_ImapClient_GetMessages.htm">
          <HelpTOCNode Title="GetMessages Method (UInt32[], Boolean, String)" Url="html/M_S22_Imap_ImapClient_GetMessages_2.htm" />
          <HelpTOCNode Title="GetMessages Method (UInt32[], ExaminePartDelegate, Boolean, String)" Url="html/M_S22_Imap_ImapClient_GetMessages.htm" />
          <HelpTOCNode Title="GetMessages Method (UInt32[], FetchOptions, Boolean, String)" Url="html/M_S22_Imap_ImapClient_GetMessages_1.htm" />
        </HelpTOCNode>
        <HelpTOCNode Title="ListMailboxes Method " Url="html/M_S22_Imap_ImapClient_ListMailboxes.htm" />
        <HelpTOCNode Title="Login Method " Url="html/M_S22_Imap_ImapClient_Login.htm" />
        <HelpTOCNode Title="Logout Method " Url="html/M_S22_Imap_ImapClient_Logout.htm" />
        <HelpTOCNode Title="MoveMessage Method " Url="html/M_S22_Imap_ImapClient_MoveMessage.htm" />
        <HelpTOCNode Title="RemoveMessageFlags Method " Url="html/M_S22_Imap_ImapClient_RemoveMessageFlags.htm" />
        <HelpTOCNode Title="RenameMailbox Method " Url="html/M_S22_Imap_ImapClient_RenameMailbox.htm" />
        <HelpTOCNode Title="Search Method " Url="html/M_S22_Imap_ImapClient_Search.htm" />
        <HelpTOCNode Title="SetMessageFlags Method " Url="html/M_S22_Imap_ImapClient_SetMessageFlags.htm" />
        <HelpTOCNode Title="StoreMessage Method " Url="html/M_S22_Imap_ImapClient_StoreMessage.htm" />
        <HelpTOCNode Title="StoreMessages Method " Url="html/M_S22_Imap_ImapClient_StoreMessages.htm" />
        <HelpTOCNode Title="Supports Method " Url="html/M_S22_Imap_ImapClient_Supports.htm" />
      </HelpTOCNode>
      <HelpTOCNode Id="05cae18d-9fff-45d3-bda1-58d7742df5a8" Title="ImapClient Properties" Url="html/Properties_T_S22_Imap_ImapClient.htm">
        <HelpTOCNode Title="Authed Property " Url="html/P_S22_Imap_ImapClient_Authed.htm" />
        <HelpTOCNode Title="DefaultMailbox Property " Url="html/P_S22_Imap_ImapClient_DefaultMailbox.htm" />
      </HelpTOCNode>
      <HelpTOCNode Id="e3ab71b1-f215-4b94-8196-d265f6cdd070" Title="ImapClient Events" Url="html/Events_T_S22_Imap_ImapClient.htm">
        <HelpTOCNode Title="MessageDeleted Event" Url="html/E_S22_Imap_ImapClient_MessageDeleted.htm" />
        <HelpTOCNode Title="NewMessage Event" Url="html/E_S22_Imap_ImapClient_NewMessage.htm" />
      </HelpTOCNode>
    </HelpTOCNode>
    <HelpTOCNode Id="e8f325ca-ee84-4a2e-8b52-d2cd94849f5e" Title="InvalidCredentialsException Class" Url="html/T_S22_Imap_InvalidCredentialsException.htm">
      <HelpTOCNode Title="InvalidCredentialsException Members" Url="html/AllMembers_T_S22_Imap_InvalidCredentialsException.htm" />
      <HelpTOCNode Id="6e9ffe36-d4cc-46d6-84ba-ea051a6891b2" Title="InvalidCredentialsException Constructor " Url="html/Overload_S22_Imap_InvalidCredentialsException__ctor.htm">
        <HelpTOCNode Title="InvalidCredentialsException Constructor " Url="html/M_S22_Imap_InvalidCredentialsException__ctor.htm" />
        <HelpTOCNode Title="InvalidCredentialsException Constructor (String)" Url="html/M_S22_Imap_InvalidCredentialsException__ctor_2.htm" />
        <HelpTOCNode Title="InvalidCredentialsException Constructor (SerializationInfo, StreamingContext)" Url="html/M_S22_Imap_InvalidCredentialsException__ctor_1.htm" />
        <HelpTOCNode Title="InvalidCredentialsException Constructor (String, Exception)" Url="html/M_S22_Imap_InvalidCredentialsException__ctor_3.htm" />
      </HelpTOCNode>
      <HelpTOCNode Title="InvalidCredentialsException Methods" Url="html/Methods_T_S22_Imap_InvalidCredentialsException.htm" />
      <HelpTOCNode Title="InvalidCredentialsException Properties" Url="html/Properties_T_S22_Imap_InvalidCredentialsException.htm" />
      <HelpTOCNode Title="InvalidCredentialsException Events" Url="html/Events_T_S22_Imap_InvalidCredentialsException.htm" />
    </HelpTOCNode>
    <HelpTOCNode Title="MailboxFlag Enumeration" Url="html/T_S22_Imap_MailboxFlag.htm" />
    <HelpTOCNode Id="a81f7ff6-e1e6-4cff-aaa9-66e168d0ae5f" Title="MailboxInfo Class" Url="html/T_S22_Imap_MailboxInfo.htm">
      <HelpTOCNode Title="MailboxInfo Members" Url="html/AllMembers_T_S22_Imap_MailboxInfo.htm" />
      <HelpTOCNode Id="38d3c6c5-6499-4f71-851a-8acf530126dc" Title="MailboxInfo Methods" Url="html/Methods_T_S22_Imap_MailboxInfo.htm">
        <HelpTOCNode Title="ToString Method " Url="html/M_S22_Imap_MailboxInfo_ToString.htm" />
      </HelpTOCNode>
      <HelpTOCNode Id="0c51cf0e-3954-461c-ba00-ebd9e9d326e3" Title="MailboxInfo Properties" Url="html/Properties_T_S22_Imap_MailboxInfo.htm">
        <HelpTOCNode Title="Flags Property " Url="html/P_S22_Imap_MailboxInfo_Flags.htm" />
        <HelpTOCNode Title="FreeStorage Property " Url="html/P_S22_Imap_MailboxInfo_FreeStorage.htm" />
        <HelpTOCNode Title="Messages Property " Url="html/P_S22_Imap_MailboxInfo_Messages.htm" />
        <HelpTOCNode Title="Name Property " Url="html/P_S22_Imap_MailboxInfo_Name.htm" />
        <HelpTOCNode Title="NextUID Property " Url="html/P_S22_Imap_MailboxInfo_NextUID.htm" />
        <HelpTOCNode Title="Unread Property " Url="html/P_S22_Imap_MailboxInfo_Unread.htm" />
        <HelpTOCNode Title="UsedStorage Property " Url="html/P_S22_Imap_MailboxInfo_UsedStorage.htm" />
      </HelpTOCNode>
    </HelpTOCNode>
    <HelpTOCNode Title="MessageFlag Enumeration" Url="html/T_S22_Imap_MessageFlag.htm" />
    <HelpTOCNode Id="ac9abafb-e1bd-41a8-a33d-b75595fcee4a" Title="NotAuthenticatedException Class" Url="html/T_S22_Imap_NotAuthenticatedException.htm">
      <HelpTOCNode Title="NotAuthenticatedException Members" Url="html/AllMembers_T_S22_Imap_NotAuthenticatedException.htm" />
      <HelpTOCNode Id="0823f63f-909a-4628-a6bd-2090b84f9402" Title="NotAuthenticatedException Constructor " Url="html/Overload_S22_Imap_NotAuthenticatedException__ctor.htm">
        <HelpTOCNode Title="NotAuthenticatedException Constructor " Url="html/M_S22_Imap_NotAuthenticatedException__ctor.htm" />
        <HelpTOCNode Title="NotAuthenticatedException Constructor (String)" Url="html/M_S22_Imap_NotAuthenticatedException__ctor_2.htm" />
        <HelpTOCNode Title="NotAuthenticatedException Constructor (SerializationInfo, StreamingContext)" Url="html/M_S22_Imap_NotAuthenticatedException__ctor_1.htm" />
        <HelpTOCNode Title="NotAuthenticatedException Constructor (String, Exception)" Url="html/M_S22_Imap_NotAuthenticatedException__ctor_3.htm" />
      </HelpTOCNode>
      <HelpTOCNode Title="NotAuthenticatedException Methods" Url="html/Methods_T_S22_Imap_NotAuthenticatedException.htm" />
      <HelpTOCNode Title="NotAuthenticatedException Properties" Url="html/Properties_T_S22_Imap_NotAuthenticatedException.htm" />
      <HelpTOCNode Title="NotAuthenticatedException Events" Url="html/Events_T_S22_Imap_NotAuthenticatedException.htm" />
    </HelpTOCNode>
    <HelpTOCNode Id="6627d2a4-20e5-4002-b9cc-72941721a2a8" Title="SearchCondition Class" Url="html/T_S22_Imap_SearchCondition.htm">
      <HelpTOCNode Title="SearchCondition Members" Url="html/AllMembers_T_S22_Imap_SearchCondition.htm" />
      <HelpTOCNode Title="SearchCondition Constructor " Url="html/M_S22_Imap_SearchCondition__ctor.htm" />
      <HelpTOCNode Id="6af417ad-d187-4438-b088-29cb1f8a20ac" Title="SearchCondition Methods" Url="html/Methods_T_S22_Imap_SearchCondition.htm">
        <HelpTOCNode Title="All Method " Url="html/M_S22_Imap_SearchCondition_All.htm" />
        <HelpTOCNode Title="And Method " Url="html/M_S22_Imap_SearchCondition_And.htm" />
        <HelpTOCNode Title="Answered Method " Url="html/M_S22_Imap_SearchCondition_Answered.htm" />
        <HelpTOCNode Title="BCC Method " Url="html/M_S22_Imap_SearchCondition_BCC.htm" />
        <HelpTOCNode Title="Before Method " Url="html/M_S22_Imap_SearchCondition_Before.htm" />
        <HelpTOCNode Title="Body Method " Url="html/M_S22_Imap_SearchCondition_Body.htm" />
        <HelpTOCNode Title="Cc Method " Url="html/M_S22_Imap_SearchCondition_Cc.htm" />
        <HelpTOCNode Title="Deleted Method " Url="html/M_S22_Imap_SearchCondition_Deleted.htm" />
        <HelpTOCNode Title="Draft Method " Url="html/M_S22_Imap_SearchCondition_Draft.htm" />
        <HelpTOCNode Title="Flagged Method " Url="html/M_S22_Imap_SearchCondition_Flagged.htm" />
        <HelpTOCNode Title="From Method " Url="html/M_S22_Imap_SearchCondition_From.htm" />
        <HelpTOCNode Title="GreaterThan Method " Url="html/M_S22_Imap_SearchCondition_GreaterThan.htm" />
        <HelpTOCNode Title="Header Method " Url="html/M_S22_Imap_SearchCondition_Header.htm" />
        <HelpTOCNode Title="Keyword Method " Url="html/M_S22_Imap_SearchCondition_Keyword.htm" />
        <HelpTOCNode Title="Larger Method " Url="html/M_S22_Imap_SearchCondition_Larger.htm" />
        <HelpTOCNode Title="LessThan Method " Url="html/M_S22_Imap_SearchCondition_LessThan.htm" />
        <HelpTOCNode Title="New Method " Url="html/M_S22_Imap_SearchCondition_New.htm" />
        <HelpTOCNode Title="Not Method " Url="html/M_S22_Imap_SearchCondition_Not.htm" />
        <HelpTOCNode Title="Old Method " Url="html/M_S22_Imap_SearchCondition_Old.htm" />
        <HelpTOCNode Title="Or Method " Url="html/M_S22_Imap_SearchCondition_Or.htm" />
        <HelpTOCNode Title="Recent Method " Url="html/M_S22_Imap_SearchCondition_Recent.htm" />
        <HelpTOCNode Title="Seen Method " Url="html/M_S22_Imap_SearchCondition_Seen.htm" />
        <HelpTOCNode Title="SentBefore Method " Url="html/M_S22_Imap_SearchCondition_SentBefore.htm" />
        <HelpTOCNode Title="SentOn Method " Url="html/M_S22_Imap_SearchCondition_SentOn.htm" />
        <HelpTOCNode Title="SentSince Method " Url="html/M_S22_Imap_SearchCondition_SentSince.htm" />
        <HelpTOCNode Title="Smaller Method " Url="html/M_S22_Imap_SearchCondition_Smaller.htm" />
        <HelpTOCNode Title="Subject Method " Url="html/M_S22_Imap_SearchCondition_Subject.htm" />
        <HelpTOCNode Title="Text Method " Url="html/M_S22_Imap_SearchCondition_Text.htm" />
        <HelpTOCNode Title="To Method " Url="html/M_S22_Imap_SearchCondition_To.htm" />
        <HelpTOCNode Title="ToString Method " Url="html/M_S22_Imap_SearchCondition_ToString.htm" />
        <HelpTOCNode Title="UID Method " Url="html/M_S22_Imap_SearchCondition_UID.htm" />
        <HelpTOCNode Title="Unanswered Method " Url="html/M_S22_Imap_SearchCondition_Unanswered.htm" />
        <HelpTOCNode Title="Undeleted Method " Url="html/M_S22_Imap_SearchCondition_Undeleted.htm" />
        <HelpTOCNode Title="Undraft Method " Url="html/M_S22_Imap_SearchCondition_Undraft.htm" />
        <HelpTOCNode Title="Unflagged Method " Url="html/M_S22_Imap_SearchCondition_Unflagged.htm" />
        <HelpTOCNode Title="Unkeyword Method " Url="html/M_S22_Imap_SearchCondition_Unkeyword.htm" />
        <HelpTOCNode Title="Unseen Method " Url="html/M_S22_Imap_SearchCondition_Unseen.htm" />
      </HelpTOCNode>
    </HelpTOCNode>
  </HelpTOCNode>
</HelpTOC>
