﻿<?xml version="1.0" encoding="utf-8"?>
<HelpTOC>

  <HelpTOCNode Title="Introduction" Url="html/3594968d-91d3-4368-b83d-9a84b4975003.htm" />
  <HelpTOCNode Title="Installation" Url="html/42ece416-da94-444c-b462-5cb566237ca2.htm" />
  <HelpTOCNode Title="Terminology" Url="html/daca426c-bc9f-4d00-a558-c48c3a18ded0.htm" />
  <HelpTOCNode Id="b8d55d57-fa22-466d-a08d-b0e8fd0b6e75" Title="Examples" Url="html/b88f7f17-3db5-4515-adaa-e4bc99407adb.htm">
    <HelpTOCNode Title="Connecting to an IMAP server using SSL" Url="html/3430d6ec-5f45-4f7b-9b6d-4d9e40c1d698.htm" />
    <HelpTOCNode Title="Download unseen mail messages" Url="html/d860483c-7029-400d-8968-ff7a065ea2bf.htm" />
    <HelpTOCNode Title="Search for messages" Url="html/780d25b3-3a74-403f-befd-ed15e3c7bb6b.htm" />
    <HelpTOCNode Title="Figure out the amount of free space left for the inbox" Url="html/b9abe9d9-d810-47c2-8d49-2873e9797450.htm" />
    <HelpTOCNode Title="Receive IMAP IDLE notifications" Url="html/09965823-35d0-49f3-ba28-cbfe27675655.htm" />
    <HelpTOCNode Title="Download mail headers only instead of the entire mail message" Url="html/ec6ea9ac-cdf2-4085-80c7-a587702cacce.htm" />
    <HelpTOCNode Title="Download attachments only if they are smaller than 2 Megabytes" Url="html/f76134df-07a8-4dd6-8a14-4ad00db062fb.htm" />
    <HelpTOCNode Title="Download attachments only if they are zip archives" Url="html/ad550dee-cf65-411a-8049-ace3016c0294.htm" />
    <HelpTOCNode Title="Store mail message on an IMAP server" Url="html/3e170028-8bd3-4884-9f83-e75edda9f60c.htm" />
  </HelpTOCNode>
  <HelpTOCNode Id="8087706c-ade2-4c66-a0cc-f69926408640" Title="S22.Imap Namespace" Url="html/N_S22_Imap.htm">
    <HelpTOCNode Title="AuthMethod Enumeration" Url="html/T_S22_Imap_AuthMethod.htm" />
    <HelpTOCNode Id="b55d6c31-d376-43e2-ac72-f8afb6f64710" Title="BadServerResponseException Class" Url="html/T_S22_Imap_BadServerResponseException.htm">
      <HelpTOCNode Title="BadServerResponseException Members" Url="html/AllMembers_T_S22_Imap_BadServerResponseException.htm" />
      <HelpTOCNode Id="332a955c-9588-4e26-bf08-bafafd359555" Title="BadServerResponseException Constructor " Url="html/Overload_S22_Imap_BadServerResponseException__ctor.htm">
        <HelpTOCNode Title="BadServerResponseException Constructor " Url="html/M_S22_Imap_BadServerResponseException__ctor.htm" />
        <HelpTOCNode Title="BadServerResponseException Constructor (String)" Url="html/M_S22_Imap_BadServerResponseException__ctor_2.htm" />
        <HelpTOCNode Title="BadServerResponseException Constructor (SerializationInfo, StreamingContext)" Url="html/M_S22_Imap_BadServerResponseException__ctor_1.htm" />
        <HelpTOCNode Title="BadServerResponseException Constructor (String, Exception)" Url="html/M_S22_Imap_BadServerResponseException__ctor_3.htm" />
      </HelpTOCNode>
      <HelpTOCNode Title="BadServerResponseException Methods" Url="html/Methods_T_S22_Imap_BadServerResponseException.htm" />
      <HelpTOCNode Title="BadServerResponseException Properties" Url="html/Properties_T_S22_Imap_BadServerResponseException.htm" />
      <HelpTOCNode Title="BadServerResponseException Events" Url="html/Events_T_S22_Imap_BadServerResponseException.htm" />
    </HelpTOCNode>
    <HelpTOCNode Id="d176e7d2-2ad1-442b-bcd0-fa3c2c6009db" Title="Bodypart Class" Url="html/T_S22_Imap_Bodypart.htm">
      <HelpTOCNode Title="Bodypart Members" Url="html/AllMembers_T_S22_Imap_Bodypart.htm" />
      <HelpTOCNode Id="6a77d662-f597-4e77-a406-e4a820f8a26f" Title="Bodypart Methods" Url="html/Methods_T_S22_Imap_Bodypart.htm">
        <HelpTOCNode Title="ToString Method " Url="html/M_S22_Imap_Bodypart_ToString.htm" />
      </HelpTOCNode>
      <HelpTOCNode Id="14f015a1-56cd-4df2-bdaa-5b6cb52cd151" Title="Bodypart Properties" Url="html/Properties_T_S22_Imap_Bodypart.htm">
        <HelpTOCNode Title="Description Property " Url="html/P_S22_Imap_Bodypart_Description.htm" />
        <HelpTOCNode Title="Disposition Property " Url="html/P_S22_Imap_Bodypart_Disposition.htm" />
        <HelpTOCNode Title="Encoding Property " Url="html/P_S22_Imap_Bodypart_Encoding.htm" />
        <HelpTOCNode Title="Id Property " Url="html/P_S22_Imap_Bodypart_Id.htm" />
        <HelpTOCNode Title="Language Property " Url="html/P_S22_Imap_Bodypart_Language.htm" />
        <HelpTOCNode Title="Lines Property " Url="html/P_S22_Imap_Bodypart_Lines.htm" />
        <HelpTOCNode Title="Location Property " Url="html/P_S22_Imap_Bodypart_Location.htm" />
        <HelpTOCNode Title="Md5 Property " Url="html/P_S22_Imap_Bodypart_Md5.htm" />
        <HelpTOCNode Title="Parameters Property " Url="html/P_S22_Imap_Bodypart_Parameters.htm" />
        <HelpTOCNode Title="Size Property " Url="html/P_S22_Imap_Bodypart_Size.htm" />
        <HelpTOCNode Title="Subtype Property " Url="html/P_S22_Imap_Bodypart_Subtype.htm" />
        <HelpTOCNode Title="Type Property " Url="html/P_S22_Imap_Bodypart_Type.htm" />
      </HelpTOCNode>
    </HelpTOCNode>
    <HelpTOCNode Id="460093d5-5d3a-48f3-8ead-7485cc52e5e5" Title="ContentDisposition Class" Url="html/T_S22_Imap_ContentDisposition.htm">
      <HelpTOCNode Title="ContentDisposition Members" Url="html/AllMembers_T_S22_Imap_ContentDisposition.htm" />
      <HelpTOCNode Title="ContentDisposition Constructor " Url="html/M_S22_Imap_ContentDisposition__ctor.htm" />
      <HelpTOCNode Title="ContentDisposition Methods" Url="html/Methods_T_S22_Imap_ContentDisposition.htm" />
      <HelpTOCNode Id="c894904b-79b1-43cf-bf72-4cf9e5585f4e" Title="ContentDisposition Properties" Url="html/Properties_T_S22_Imap_ContentDisposition.htm">
        <HelpTOCNode Title="Attributes Property " Url="html/P_S22_Imap_ContentDisposition_Attributes.htm" />
        <HelpTOCNode Title="Filename Property " Url="html/P_S22_Imap_ContentDisposition_Filename.htm" />
        <HelpTOCNode Title="Type Property " Url="html/P_S22_Imap_ContentDisposition_Type.htm" />
      </HelpTOCNode>
    </HelpTOCNode>
    <HelpTOCNode Title="ContentDispositionType Enumeration" Url="html/T_S22_Imap_ContentDispositionType.htm" />
    <HelpTOCNode Title="ContentTransferEncoding Enumeration" Url="html/T_S22_Imap_ContentTransferEncoding.htm" />
    <HelpTOCNode Title="ContentType Enumeration" Url="html/T_S22_Imap_ContentType.htm" />
    <HelpTOCNode Title="ExaminePartDelegate Delegate" Url="html/T_S22_Imap_ExaminePartDelegate.htm" />
    <HelpTOCNode Title="FetchOptions Enumeration" Url="html/T_S22_Imap_FetchOptions.htm" />
    <HelpTOCNode Id="5bcbc79b-11ef-4397-96ab-05c5efb4c349" Title="IdleErrorEventArgs Class" Url="html/T_S22_Imap_IdleErrorEventArgs.htm">
      <HelpTOCNode Title="IdleErrorEventArgs Members" Url="html/AllMembers_T_S22_Imap_IdleErrorEventArgs.htm" />
      <HelpTOCNode Title="IdleErrorEventArgs Methods" Url="html/Methods_T_S22_Imap_IdleErrorEventArgs.htm" />
      <HelpTOCNode Id="ce355146-faa5-4872-a93a-459212e4946b" Title="IdleErrorEventArgs Properties" Url="html/Properties_T_S22_Imap_IdleErrorEventArgs.htm">
        <HelpTOCNode Title="Client Property " Url="html/P_S22_Imap_IdleErrorEventArgs_Client.htm" />
        <HelpTOCNode Title="Exception Property " Url="html/P_S22_Imap_IdleErrorEventArgs_Exception.htm" />
      </HelpTOCNode>
    </HelpTOCNode>
    <HelpTOCNode Id="ac307b88-578b-474b-a980-86ae8ba2eb78" Title="IdleMessageEventArgs Class" Url="html/T_S22_Imap_IdleMessageEventArgs.htm">
      <HelpTOCNode Title="IdleMessageEventArgs Members" Url="html/AllMembers_T_S22_Imap_IdleMessageEventArgs.htm" />
      <HelpTOCNode Title="IdleMessageEventArgs Methods" Url="html/Methods_T_S22_Imap_IdleMessageEventArgs.htm" />
      <HelpTOCNode Id="79dbf6b4-45c4-46bc-a228-e0bf2ad744e9" Title="IdleMessageEventArgs Properties" Url="html/Properties_T_S22_Imap_IdleMessageEventArgs.htm">
        <HelpTOCNode Title="Client Property " Url="html/P_S22_Imap_IdleMessageEventArgs_Client.htm" />
        <HelpTOCNode Title="MessageCount Property " Url="html/P_S22_Imap_IdleMessageEventArgs_MessageCount.htm" />
        <HelpTOCNode Title="MessageUID Property " Url="html/P_S22_Imap_IdleMessageEventArgs_MessageUID.htm" />
      </HelpTOCNode>
    </HelpTOCNode>
    <HelpTOCNode Id="42f59b6d-fa47-405a-8f33-0785e0838a6d" Title="IImapClient Interface" Url="html/T_S22_Imap_IImapClient.htm">
      <HelpTOCNode Title="IImapClient Members" Url="html/AllMembers_T_S22_Imap_IImapClient.htm" />
      <HelpTOCNode Id="ae3a570d-645f-4da3-95d3-6c0c1f12c8f5" Title="IImapClient Methods" Url="html/Methods_T_S22_Imap_IImapClient.htm">
        <HelpTOCNode Title="AddMessageFlags Method " Url="html/M_S22_Imap_IImapClient_AddMessageFlags.htm" />
        <HelpTOCNode Title="Capabilities Method " Url="html/M_S22_Imap_IImapClient_Capabilities.htm" />
        <HelpTOCNode Title="CopyMessage Method " Url="html/M_S22_Imap_IImapClient_CopyMessage.htm" />
        <HelpTOCNode Title="CopyMessages Method " Url="html/M_S22_Imap_IImapClient_CopyMessages.htm" />
        <HelpTOCNode Title="CreateMailbox Method " Url="html/M_S22_Imap_IImapClient_CreateMailbox.htm" />
        <HelpTOCNode Title="DeleteMailbox Method " Url="html/M_S22_Imap_IImapClient_DeleteMailbox.htm" />
        <HelpTOCNode Title="DeleteMessage Method " Url="html/M_S22_Imap_IImapClient_DeleteMessage.htm" />
        <HelpTOCNode Title="DeleteMessages Method " Url="html/M_S22_Imap_IImapClient_DeleteMessages.htm" />
        <HelpTOCNode Title="Expunge Method " Url="html/M_S22_Imap_IImapClient_Expunge.htm" />
        <HelpTOCNode Title="GetMailboxInfo Method " Url="html/M_S22_Imap_IImapClient_GetMailboxInfo.htm" />
        <HelpTOCNode Id="d89e45fa-f80d-4ae3-8488-d4329cb321ae" Title="GetMessage Method " Url="html/Overload_S22_Imap_IImapClient_GetMessage.htm">
          <HelpTOCNode Title="GetMessage Method (UInt32, Boolean, String)" Url="html/M_S22_Imap_IImapClient_GetMessage_2.htm" />
          <HelpTOCNode Title="GetMessage Method (UInt32, ExaminePartDelegate, Boolean, String)" Url="html/M_S22_Imap_IImapClient_GetMessage.htm" />
          <HelpTOCNode Title="GetMessage Method (UInt32, FetchOptions, Boolean, String)" Url="html/M_S22_Imap_IImapClient_GetMessage_1.htm" />
        </HelpTOCNode>
        <HelpTOCNode Title="GetMessageFlags Method " Url="html/M_S22_Imap_IImapClient_GetMessageFlags.htm" />
        <HelpTOCNode Id="2c94116c-0a0a-428f-a9a5-d242885db187" Title="GetMessages Method " Url="html/Overload_S22_Imap_IImapClient_GetMessages.htm">
          <HelpTOCNode Title="GetMessages Method (IEnumerable(UInt32), Boolean, String)" Url="html/M_S22_Imap_IImapClient_GetMessages_2.htm" />
          <HelpTOCNode Title="GetMessages Method (IEnumerable(UInt32), ExaminePartDelegate, Boolean, String)" Url="html/M_S22_Imap_IImapClient_GetMessages.htm" />
          <HelpTOCNode Title="GetMessages Method (IEnumerable(UInt32), FetchOptions, Boolean, String)" Url="html/M_S22_Imap_IImapClient_GetMessages_1.htm" />
        </HelpTOCNode>
        <HelpTOCNode Title="ListMailboxes Method " Url="html/M_S22_Imap_IImapClient_ListMailboxes.htm" />
        <HelpTOCNode Title="Login Method " Url="html/M_S22_Imap_IImapClient_Login.htm" />
        <HelpTOCNode Title="Logout Method " Url="html/M_S22_Imap_IImapClient_Logout.htm" />
        <HelpTOCNode Title="MoveMessage Method " Url="html/M_S22_Imap_IImapClient_MoveMessage.htm" />
        <HelpTOCNode Title="MoveMessages Method " Url="html/M_S22_Imap_IImapClient_MoveMessages.htm" />
        <HelpTOCNode Title="RemoveMessageFlags Method " Url="html/M_S22_Imap_IImapClient_RemoveMessageFlags.htm" />
        <HelpTOCNode Title="RenameMailbox Method " Url="html/M_S22_Imap_IImapClient_RenameMailbox.htm" />
        <HelpTOCNode Title="Search Method " Url="html/M_S22_Imap_IImapClient_Search.htm" />
        <HelpTOCNode Title="SetMessageFlags Method " Url="html/M_S22_Imap_IImapClient_SetMessageFlags.htm" />
        <HelpTOCNode Title="StoreMessage Method " Url="html/M_S22_Imap_IImapClient_StoreMessage.htm" />
        <HelpTOCNode Title="StoreMessages Method " Url="html/M_S22_Imap_IImapClient_StoreMessages.htm" />
        <HelpTOCNode Title="Supports Method " Url="html/M_S22_Imap_IImapClient_Supports.htm" />
      </HelpTOCNode>
      <HelpTOCNode Id="5ed5b204-f305-465f-bbc7-89521a20150d" Title="IImapClient Properties" Url="html/Properties_T_S22_Imap_IImapClient.htm">
        <HelpTOCNode Title="Authed Property " Url="html/P_S22_Imap_IImapClient_Authed.htm" />
        <HelpTOCNode Title="DefaultMailbox Property " Url="html/P_S22_Imap_IImapClient_DefaultMailbox.htm" />
      </HelpTOCNode>
      <HelpTOCNode Id="53c58669-d2e9-4238-bd08-834614443e3a" Title="IImapClient Events" Url="html/Events_T_S22_Imap_IImapClient.htm">
        <HelpTOCNode Title="MessageDeleted Event" Url="html/E_S22_Imap_IImapClient_MessageDeleted.htm" />
        <HelpTOCNode Title="NewMessage Event" Url="html/E_S22_Imap_IImapClient_NewMessage.htm" />
      </HelpTOCNode>
    </HelpTOCNode>
    <HelpTOCNode Id="8238ca13-15f8-4b19-bb5c-c209cf218d6e" Title="ImapClient Class" Url="html/T_S22_Imap_ImapClient.htm">
      <HelpTOCNode Title="ImapClient Members" Url="html/AllMembers_T_S22_Imap_ImapClient.htm" />
      <HelpTOCNode Id="cd7fd5b0-9cd4-4671-b66d-7bb087f5952c" Title="ImapClient Constructor " Url="html/Overload_S22_Imap_ImapClient__ctor.htm">
        <HelpTOCNode Title="ImapClient Constructor (String, Int32, Boolean, RemoteCertificateValidationCallback)" Url="html/M_S22_Imap_ImapClient__ctor.htm" />
        <HelpTOCNode Title="ImapClient Constructor (String, Int32, String, String, AuthMethod, Boolean, RemoteCertificateValidationCallback)" Url="html/M_S22_Imap_ImapClient__ctor_1.htm" />
      </HelpTOCNode>
      <HelpTOCNode Id="32679914-c8c2-4367-8af2-9c47c394bab7" Title="ImapClient Methods" Url="html/Methods_T_S22_Imap_ImapClient.htm">
        <HelpTOCNode Title="AddMessageFlags Method " Url="html/M_S22_Imap_ImapClient_AddMessageFlags.htm" />
        <HelpTOCNode Title="Capabilities Method " Url="html/M_S22_Imap_ImapClient_Capabilities.htm" />
        <HelpTOCNode Title="CopyMessage Method " Url="html/M_S22_Imap_ImapClient_CopyMessage.htm" />
        <HelpTOCNode Title="CopyMessages Method " Url="html/M_S22_Imap_ImapClient_CopyMessages.htm" />
        <HelpTOCNode Title="CreateMailbox Method " Url="html/M_S22_Imap_ImapClient_CreateMailbox.htm" />
        <HelpTOCNode Title="DeleteMailbox Method " Url="html/M_S22_Imap_ImapClient_DeleteMailbox.htm" />
        <HelpTOCNode Title="DeleteMessage Method " Url="html/M_S22_Imap_ImapClient_DeleteMessage.htm" />
        <HelpTOCNode Title="DeleteMessages Method " Url="html/M_S22_Imap_ImapClient_DeleteMessages.htm" />
        <HelpTOCNode Id="c68dccc8-c179-4a8b-a771-b0776b2ca63b" Title="Dispose Method " Url="html/Overload_S22_Imap_ImapClient_Dispose.htm">
          <HelpTOCNode Title="Dispose Method " Url="html/M_S22_Imap_ImapClient_Dispose.htm" />
          <HelpTOCNode Title="Dispose Method (Boolean)" Url="html/M_S22_Imap_ImapClient_Dispose_1.htm" />
        </HelpTOCNode>
        <HelpTOCNode Title="Expunge Method " Url="html/M_S22_Imap_ImapClient_Expunge.htm" />
        <HelpTOCNode Title="GetMailboxInfo Method " Url="html/M_S22_Imap_ImapClient_GetMailboxInfo.htm" />
        <HelpTOCNode Id="48fa1493-5372-48b7-a94f-5349da5b9df0" Title="GetMessage Method " Url="html/Overload_S22_Imap_ImapClient_GetMessage.htm">
          <HelpTOCNode Title="GetMessage Method (UInt32, Boolean, String)" Url="html/M_S22_Imap_ImapClient_GetMessage_2.htm" />
          <HelpTOCNode Title="GetMessage Method (UInt32, ExaminePartDelegate, Boolean, String)" Url="html/M_S22_Imap_ImapClient_GetMessage.htm" />
          <HelpTOCNode Title="GetMessage Method (UInt32, FetchOptions, Boolean, String)" Url="html/M_S22_Imap_ImapClient_GetMessage_1.htm" />
        </HelpTOCNode>
        <HelpTOCNode Title="GetMessageFlags Method " Url="html/M_S22_Imap_ImapClient_GetMessageFlags.htm" />
        <HelpTOCNode Id="de7d86e1-8cac-4f62-a9fa-bb5758517040" Title="GetMessages Method " Url="html/Overload_S22_Imap_ImapClient_GetMessages.htm">
          <HelpTOCNode Title="GetMessages Method (IEnumerable(UInt32), Boolean, String)" Url="html/M_S22_Imap_ImapClient_GetMessages_2.htm" />
          <HelpTOCNode Title="GetMessages Method (IEnumerable(UInt32), ExaminePartDelegate, Boolean, String)" Url="html/M_S22_Imap_ImapClient_GetMessages.htm" />
          <HelpTOCNode Title="GetMessages Method (IEnumerable(UInt32), FetchOptions, Boolean, String)" Url="html/M_S22_Imap_ImapClient_GetMessages_1.htm" />
        </HelpTOCNode>
        <HelpTOCNode Title="ListMailboxes Method " Url="html/M_S22_Imap_ImapClient_ListMailboxes.htm" />
        <HelpTOCNode Title="Login Method " Url="html/M_S22_Imap_ImapClient_Login.htm" />
        <HelpTOCNode Title="Logout Method " Url="html/M_S22_Imap_ImapClient_Logout.htm" />
        <HelpTOCNode Title="MoveMessage Method " Url="html/M_S22_Imap_ImapClient_MoveMessage.htm" />
        <HelpTOCNode Title="MoveMessages Method " Url="html/M_S22_Imap_ImapClient_MoveMessages.htm" />
        <HelpTOCNode Title="RemoveMessageFlags Method " Url="html/M_S22_Imap_ImapClient_RemoveMessageFlags.htm" />
        <HelpTOCNode Title="RenameMailbox Method " Url="html/M_S22_Imap_ImapClient_RenameMailbox.htm" />
        <HelpTOCNode Title="Search Method " Url="html/M_S22_Imap_ImapClient_Search.htm" />
        <HelpTOCNode Title="SetMessageFlags Method " Url="html/M_S22_Imap_ImapClient_SetMessageFlags.htm" />
        <HelpTOCNode Title="StoreMessage Method " Url="html/M_S22_Imap_ImapClient_StoreMessage.htm" />
        <HelpTOCNode Title="StoreMessages Method " Url="html/M_S22_Imap_ImapClient_StoreMessages.htm" />
        <HelpTOCNode Title="Supports Method " Url="html/M_S22_Imap_ImapClient_Supports.htm" />
      </HelpTOCNode>
      <HelpTOCNode Id="4b79a538-0309-4fbd-aea1-97e1d03510bd" Title="ImapClient Properties" Url="html/Properties_T_S22_Imap_ImapClient.htm">
        <HelpTOCNode Title="Authed Property " Url="html/P_S22_Imap_ImapClient_Authed.htm" />
        <HelpTOCNode Title="DefaultMailbox Property " Url="html/P_S22_Imap_ImapClient_DefaultMailbox.htm" />
      </HelpTOCNode>
      <HelpTOCNode Id="e9bba20c-628c-4486-aeca-fc76a6cb033b" Title="ImapClient Events" Url="html/Events_T_S22_Imap_ImapClient.htm">
        <HelpTOCNode Title="IdleError Event" Url="html/E_S22_Imap_ImapClient_IdleError.htm" />
        <HelpTOCNode Title="MessageDeleted Event" Url="html/E_S22_Imap_ImapClient_MessageDeleted.htm" />
        <HelpTOCNode Title="NewMessage Event" Url="html/E_S22_Imap_ImapClient_NewMessage.htm" />
      </HelpTOCNode>
    </HelpTOCNode>
    <HelpTOCNode Id="dbbfe683-afe5-4197-95a3-b7b399d735f4" Title="InvalidCredentialsException Class" Url="html/T_S22_Imap_InvalidCredentialsException.htm">
      <HelpTOCNode Title="InvalidCredentialsException Members" Url="html/AllMembers_T_S22_Imap_InvalidCredentialsException.htm" />
      <HelpTOCNode Id="6a2f21a3-5866-45d6-b109-fa07445d529a" Title="InvalidCredentialsException Constructor " Url="html/Overload_S22_Imap_InvalidCredentialsException__ctor.htm">
        <HelpTOCNode Title="InvalidCredentialsException Constructor " Url="html/M_S22_Imap_InvalidCredentialsException__ctor.htm" />
        <HelpTOCNode Title="InvalidCredentialsException Constructor (String)" Url="html/M_S22_Imap_InvalidCredentialsException__ctor_2.htm" />
        <HelpTOCNode Title="InvalidCredentialsException Constructor (SerializationInfo, StreamingContext)" Url="html/M_S22_Imap_InvalidCredentialsException__ctor_1.htm" />
        <HelpTOCNode Title="InvalidCredentialsException Constructor (String, Exception)" Url="html/M_S22_Imap_InvalidCredentialsException__ctor_3.htm" />
      </HelpTOCNode>
      <HelpTOCNode Title="InvalidCredentialsException Methods" Url="html/Methods_T_S22_Imap_InvalidCredentialsException.htm" />
      <HelpTOCNode Title="InvalidCredentialsException Properties" Url="html/Properties_T_S22_Imap_InvalidCredentialsException.htm" />
      <HelpTOCNode Title="InvalidCredentialsException Events" Url="html/Events_T_S22_Imap_InvalidCredentialsException.htm" />
    </HelpTOCNode>
    <HelpTOCNode Title="MailboxFlag Enumeration" Url="html/T_S22_Imap_MailboxFlag.htm" />
    <HelpTOCNode Id="2ebe4bcf-605a-4b20-9dfc-f918b786171e" Title="MailboxInfo Class" Url="html/T_S22_Imap_MailboxInfo.htm">
      <HelpTOCNode Title="MailboxInfo Members" Url="html/AllMembers_T_S22_Imap_MailboxInfo.htm" />
      <HelpTOCNode Id="39adb07f-6bca-4708-87a3-9961962c7d72" Title="MailboxInfo Methods" Url="html/Methods_T_S22_Imap_MailboxInfo.htm">
        <HelpTOCNode Title="ToString Method " Url="html/M_S22_Imap_MailboxInfo_ToString.htm" />
      </HelpTOCNode>
      <HelpTOCNode Id="faa6e393-1c23-478d-9c9e-11ea2dcf1f79" Title="MailboxInfo Properties" Url="html/Properties_T_S22_Imap_MailboxInfo.htm">
        <HelpTOCNode Title="Flags Property " Url="html/P_S22_Imap_MailboxInfo_Flags.htm" />
        <HelpTOCNode Title="FreeStorage Property " Url="html/P_S22_Imap_MailboxInfo_FreeStorage.htm" />
        <HelpTOCNode Title="Messages Property " Url="html/P_S22_Imap_MailboxInfo_Messages.htm" />
        <HelpTOCNode Title="Name Property " Url="html/P_S22_Imap_MailboxInfo_Name.htm" />
        <HelpTOCNode Title="NextUID Property " Url="html/P_S22_Imap_MailboxInfo_NextUID.htm" />
        <HelpTOCNode Title="Unread Property " Url="html/P_S22_Imap_MailboxInfo_Unread.htm" />
        <HelpTOCNode Title="UsedStorage Property " Url="html/P_S22_Imap_MailboxInfo_UsedStorage.htm" />
      </HelpTOCNode>
    </HelpTOCNode>
    <HelpTOCNode Title="MessageFlag Enumeration" Url="html/T_S22_Imap_MessageFlag.htm" />
    <HelpTOCNode Id="605f480e-4b26-4117-a931-0b3c07f0421c" Title="NotAuthenticatedException Class" Url="html/T_S22_Imap_NotAuthenticatedException.htm">
      <HelpTOCNode Title="NotAuthenticatedException Members" Url="html/AllMembers_T_S22_Imap_NotAuthenticatedException.htm" />
      <HelpTOCNode Id="65efb57d-bfb0-4906-ae6a-6bb201cd63fb" Title="NotAuthenticatedException Constructor " Url="html/Overload_S22_Imap_NotAuthenticatedException__ctor.htm">
        <HelpTOCNode Title="NotAuthenticatedException Constructor " Url="html/M_S22_Imap_NotAuthenticatedException__ctor.htm" />
        <HelpTOCNode Title="NotAuthenticatedException Constructor (String)" Url="html/M_S22_Imap_NotAuthenticatedException__ctor_2.htm" />
        <HelpTOCNode Title="NotAuthenticatedException Constructor (SerializationInfo, StreamingContext)" Url="html/M_S22_Imap_NotAuthenticatedException__ctor_1.htm" />
        <HelpTOCNode Title="NotAuthenticatedException Constructor (String, Exception)" Url="html/M_S22_Imap_NotAuthenticatedException__ctor_3.htm" />
      </HelpTOCNode>
      <HelpTOCNode Title="NotAuthenticatedException Methods" Url="html/Methods_T_S22_Imap_NotAuthenticatedException.htm" />
      <HelpTOCNode Title="NotAuthenticatedException Properties" Url="html/Properties_T_S22_Imap_NotAuthenticatedException.htm" />
      <HelpTOCNode Title="NotAuthenticatedException Events" Url="html/Events_T_S22_Imap_NotAuthenticatedException.htm" />
    </HelpTOCNode>
    <HelpTOCNode Id="a6c2b4ab-2e12-4f64-9f91-dc68af553ffe" Title="SearchCondition Class" Url="html/T_S22_Imap_SearchCondition.htm">
      <HelpTOCNode Title="SearchCondition Members" Url="html/AllMembers_T_S22_Imap_SearchCondition.htm" />
      <HelpTOCNode Title="SearchCondition Constructor " Url="html/M_S22_Imap_SearchCondition__ctor.htm" />
      <HelpTOCNode Id="449a2399-4eb3-4cb8-97aa-913033ca0a02" Title="SearchCondition Methods" Url="html/Methods_T_S22_Imap_SearchCondition.htm">
        <HelpTOCNode Title="All Method " Url="html/M_S22_Imap_SearchCondition_All.htm" />
        <HelpTOCNode Title="And Method " Url="html/M_S22_Imap_SearchCondition_And.htm" />
        <HelpTOCNode Title="Answered Method " Url="html/M_S22_Imap_SearchCondition_Answered.htm" />
        <HelpTOCNode Title="BCC Method " Url="html/M_S22_Imap_SearchCondition_BCC.htm" />
        <HelpTOCNode Title="Before Method " Url="html/M_S22_Imap_SearchCondition_Before.htm" />
        <HelpTOCNode Title="Body Method " Url="html/M_S22_Imap_SearchCondition_Body.htm" />
        <HelpTOCNode Title="Cc Method " Url="html/M_S22_Imap_SearchCondition_Cc.htm" />
        <HelpTOCNode Title="Deleted Method " Url="html/M_S22_Imap_SearchCondition_Deleted.htm" />
        <HelpTOCNode Title="Draft Method " Url="html/M_S22_Imap_SearchCondition_Draft.htm" />
        <HelpTOCNode Title="Flagged Method " Url="html/M_S22_Imap_SearchCondition_Flagged.htm" />
        <HelpTOCNode Title="From Method " Url="html/M_S22_Imap_SearchCondition_From.htm" />
        <HelpTOCNode Title="GreaterThan Method " Url="html/M_S22_Imap_SearchCondition_GreaterThan.htm" />
        <HelpTOCNode Title="Header Method " Url="html/M_S22_Imap_SearchCondition_Header.htm" />
        <HelpTOCNode Title="Keyword Method " Url="html/M_S22_Imap_SearchCondition_Keyword.htm" />
        <HelpTOCNode Title="Larger Method " Url="html/M_S22_Imap_SearchCondition_Larger.htm" />
        <HelpTOCNode Title="LessThan Method " Url="html/M_S22_Imap_SearchCondition_LessThan.htm" />
        <HelpTOCNode Title="New Method " Url="html/M_S22_Imap_SearchCondition_New.htm" />
        <HelpTOCNode Title="Not Method " Url="html/M_S22_Imap_SearchCondition_Not.htm" />
        <HelpTOCNode Title="Old Method " Url="html/M_S22_Imap_SearchCondition_Old.htm" />
        <HelpTOCNode Title="Or Method " Url="html/M_S22_Imap_SearchCondition_Or.htm" />
        <HelpTOCNode Title="Recent Method " Url="html/M_S22_Imap_SearchCondition_Recent.htm" />
        <HelpTOCNode Title="Seen Method " Url="html/M_S22_Imap_SearchCondition_Seen.htm" />
        <HelpTOCNode Title="SentBefore Method " Url="html/M_S22_Imap_SearchCondition_SentBefore.htm" />
        <HelpTOCNode Title="SentOn Method " Url="html/M_S22_Imap_SearchCondition_SentOn.htm" />
        <HelpTOCNode Title="SentSince Method " Url="html/M_S22_Imap_SearchCondition_SentSince.htm" />
        <HelpTOCNode Title="Smaller Method " Url="html/M_S22_Imap_SearchCondition_Smaller.htm" />
        <HelpTOCNode Title="Subject Method " Url="html/M_S22_Imap_SearchCondition_Subject.htm" />
        <HelpTOCNode Title="Text Method " Url="html/M_S22_Imap_SearchCondition_Text.htm" />
        <HelpTOCNode Title="To Method " Url="html/M_S22_Imap_SearchCondition_To.htm" />
        <HelpTOCNode Title="ToString Method " Url="html/M_S22_Imap_SearchCondition_ToString.htm" />
        <HelpTOCNode Title="UID Method " Url="html/M_S22_Imap_SearchCondition_UID.htm" />
        <HelpTOCNode Title="Unanswered Method " Url="html/M_S22_Imap_SearchCondition_Unanswered.htm" />
        <HelpTOCNode Title="Undeleted Method " Url="html/M_S22_Imap_SearchCondition_Undeleted.htm" />
        <HelpTOCNode Title="Undraft Method " Url="html/M_S22_Imap_SearchCondition_Undraft.htm" />
        <HelpTOCNode Title="Unflagged Method " Url="html/M_S22_Imap_SearchCondition_Unflagged.htm" />
        <HelpTOCNode Title="Unkeyword Method " Url="html/M_S22_Imap_SearchCondition_Unkeyword.htm" />
        <HelpTOCNode Title="Unseen Method " Url="html/M_S22_Imap_SearchCondition_Unseen.htm" />
      </HelpTOCNode>
    </HelpTOCNode>
  </HelpTOCNode>
</HelpTOC>
