﻿<?xml version="1.0" encoding="utf-8"?>
<HelpTOC>

  <HelpTOCNode Title="Introduction" Url="html/3594968d-91d3-4368-b83d-9a84b4975003.htm" />
  <HelpTOCNode Title="Installation" Url="html/42ece416-da94-444c-b462-5cb566237ca2.htm" />
  <HelpTOCNode Title="Terminology" Url="html/daca426c-bc9f-4d00-a558-c48c3a18ded0.htm" />
  <HelpTOCNode Id="d2141eb4-bf5b-44bf-8a43-16e9735d651f" Title="Examples" Url="html/b88f7f17-3db5-4515-adaa-e4bc99407adb.htm">
    <HelpTOCNode Title="Connecting to an IMAP server using SSL" Url="html/3430d6ec-5f45-4f7b-9b6d-4d9e40c1d698.htm" />
    <HelpTOCNode Title="Download unseen mail messages" Url="html/d860483c-7029-400d-8968-ff7a065ea2bf.htm" />
    <HelpTOCNode Title="Search for messages" Url="html/780d25b3-3a74-403f-befd-ed15e3c7bb6b.htm" />
    <HelpTOCNode Title="Figure out the amount of free space left for the inbox" Url="html/b9abe9d9-d810-47c2-8d49-2873e9797450.htm" />
    <HelpTOCNode Title="Receive IMAP IDLE notifications" Url="html/09965823-35d0-49f3-ba28-cbfe27675655.htm" />
    <HelpTOCNode Title="Download mail headers only instead of the entire mail message" Url="html/ec6ea9ac-cdf2-4085-80c7-a587702cacce.htm" />
    <HelpTOCNode Title="Download attachments only if they are smaller than 2 Megabytes" Url="html/f76134df-07a8-4dd6-8a14-4ad00db062fb.htm" />
    <HelpTOCNode Title="Download attachments only if they are zip archives" Url="html/ad550dee-cf65-411a-8049-ace3016c0294.htm" />
    <HelpTOCNode Title="Store mail message on an IMAP server" Url="html/3e170028-8bd3-4884-9f83-e75edda9f60c.htm" />
  </HelpTOCNode>
  <HelpTOCNode Id="e0d0f59d-fdcb-48ce-9d28-f78dd7534b5f" Title="S22.Imap Namespace" Url="html/N_S22_Imap.htm">
    <HelpTOCNode Title="AuthMethod Enumeration" Url="html/T_S22_Imap_AuthMethod.htm" />
    <HelpTOCNode Id="277e2bbe-5d1b-4a11-93de-08630c8acec2" Title="BadServerResponseException Class" Url="html/T_S22_Imap_BadServerResponseException.htm">
      <HelpTOCNode Title="BadServerResponseException Members" Url="html/AllMembers_T_S22_Imap_BadServerResponseException.htm" />
      <HelpTOCNode Id="9c70a035-7bfc-4986-82ea-f0b0ed830c8d" Title="BadServerResponseException Constructor " Url="html/Overload_S22_Imap_BadServerResponseException__ctor.htm">
        <HelpTOCNode Title="BadServerResponseException Constructor " Url="html/M_S22_Imap_BadServerResponseException__ctor.htm" />
        <HelpTOCNode Title="BadServerResponseException Constructor (String)" Url="html/M_S22_Imap_BadServerResponseException__ctor_2.htm" />
        <HelpTOCNode Title="BadServerResponseException Constructor (SerializationInfo, StreamingContext)" Url="html/M_S22_Imap_BadServerResponseException__ctor_1.htm" />
        <HelpTOCNode Title="BadServerResponseException Constructor (String, Exception)" Url="html/M_S22_Imap_BadServerResponseException__ctor_3.htm" />
      </HelpTOCNode>
      <HelpTOCNode Title="BadServerResponseException Methods" Url="html/Methods_T_S22_Imap_BadServerResponseException.htm" />
      <HelpTOCNode Title="BadServerResponseException Properties" Url="html/Properties_T_S22_Imap_BadServerResponseException.htm" />
      <HelpTOCNode Title="BadServerResponseException Events" Url="html/Events_T_S22_Imap_BadServerResponseException.htm" />
    </HelpTOCNode>
    <HelpTOCNode Id="ed514ab5-dc67-4e46-bc87-4a9964bb0ec5" Title="Bodypart Class" Url="html/T_S22_Imap_Bodypart.htm">
      <HelpTOCNode Title="Bodypart Members" Url="html/AllMembers_T_S22_Imap_Bodypart.htm" />
      <HelpTOCNode Id="2efad4d0-b329-4146-9650-55ecb112aa18" Title="Bodypart Methods" Url="html/Methods_T_S22_Imap_Bodypart.htm">
        <HelpTOCNode Title="ToString Method " Url="html/M_S22_Imap_Bodypart_ToString.htm" />
      </HelpTOCNode>
      <HelpTOCNode Id="801f6564-7e49-4d78-a4f1-da72cf6f9172" Title="Bodypart Properties" Url="html/Properties_T_S22_Imap_Bodypart.htm">
        <HelpTOCNode Title="Description Property " Url="html/P_S22_Imap_Bodypart_Description.htm" />
        <HelpTOCNode Title="Disposition Property " Url="html/P_S22_Imap_Bodypart_Disposition.htm" />
        <HelpTOCNode Title="Encoding Property " Url="html/P_S22_Imap_Bodypart_Encoding.htm" />
        <HelpTOCNode Title="Id Property " Url="html/P_S22_Imap_Bodypart_Id.htm" />
        <HelpTOCNode Title="Language Property " Url="html/P_S22_Imap_Bodypart_Language.htm" />
        <HelpTOCNode Title="Lines Property " Url="html/P_S22_Imap_Bodypart_Lines.htm" />
        <HelpTOCNode Title="Location Property " Url="html/P_S22_Imap_Bodypart_Location.htm" />
        <HelpTOCNode Title="Md5 Property " Url="html/P_S22_Imap_Bodypart_Md5.htm" />
        <HelpTOCNode Title="Parameters Property " Url="html/P_S22_Imap_Bodypart_Parameters.htm" />
        <HelpTOCNode Title="Size Property " Url="html/P_S22_Imap_Bodypart_Size.htm" />
        <HelpTOCNode Title="Subtype Property " Url="html/P_S22_Imap_Bodypart_Subtype.htm" />
        <HelpTOCNode Title="Type Property " Url="html/P_S22_Imap_Bodypart_Type.htm" />
      </HelpTOCNode>
    </HelpTOCNode>
    <HelpTOCNode Id="9c954ed9-ae5b-4a64-8d02-19071437aa8d" Title="ContentDisposition Class" Url="html/T_S22_Imap_ContentDisposition.htm">
      <HelpTOCNode Title="ContentDisposition Members" Url="html/AllMembers_T_S22_Imap_ContentDisposition.htm" />
      <HelpTOCNode Title="ContentDisposition Constructor " Url="html/M_S22_Imap_ContentDisposition__ctor.htm" />
      <HelpTOCNode Title="ContentDisposition Methods" Url="html/Methods_T_S22_Imap_ContentDisposition.htm" />
      <HelpTOCNode Id="4cff6d9f-b82d-49a1-8693-c534b896f954" Title="ContentDisposition Properties" Url="html/Properties_T_S22_Imap_ContentDisposition.htm">
        <HelpTOCNode Title="Attributes Property " Url="html/P_S22_Imap_ContentDisposition_Attributes.htm" />
        <HelpTOCNode Title="Filename Property " Url="html/P_S22_Imap_ContentDisposition_Filename.htm" />
        <HelpTOCNode Title="Type Property " Url="html/P_S22_Imap_ContentDisposition_Type.htm" />
      </HelpTOCNode>
    </HelpTOCNode>
    <HelpTOCNode Title="ContentDispositionType Enumeration" Url="html/T_S22_Imap_ContentDispositionType.htm" />
    <HelpTOCNode Title="ContentTransferEncoding Enumeration" Url="html/T_S22_Imap_ContentTransferEncoding.htm" />
    <HelpTOCNode Title="ContentType Enumeration" Url="html/T_S22_Imap_ContentType.htm" />
    <HelpTOCNode Title="ExaminePartDelegate Delegate" Url="html/T_S22_Imap_ExaminePartDelegate.htm" />
    <HelpTOCNode Title="FetchOptions Enumeration" Url="html/T_S22_Imap_FetchOptions.htm" />
    <HelpTOCNode Id="2eef3196-0f85-4ee2-a093-d313a0f5050c" Title="IdleMessageEventArgs Class" Url="html/T_S22_Imap_IdleMessageEventArgs.htm">
      <HelpTOCNode Title="IdleMessageEventArgs Members" Url="html/AllMembers_T_S22_Imap_IdleMessageEventArgs.htm" />
      <HelpTOCNode Title="IdleMessageEventArgs Methods" Url="html/Methods_T_S22_Imap_IdleMessageEventArgs.htm" />
      <HelpTOCNode Id="be61dc16-9ca0-4154-877b-875853461021" Title="IdleMessageEventArgs Properties" Url="html/Properties_T_S22_Imap_IdleMessageEventArgs.htm">
        <HelpTOCNode Title="Client Property " Url="html/P_S22_Imap_IdleMessageEventArgs_Client.htm" />
        <HelpTOCNode Title="MessageCount Property " Url="html/P_S22_Imap_IdleMessageEventArgs_MessageCount.htm" />
        <HelpTOCNode Title="MessageUID Property " Url="html/P_S22_Imap_IdleMessageEventArgs_MessageUID.htm" />
      </HelpTOCNode>
    </HelpTOCNode>
    <HelpTOCNode Id="df103a24-5f9d-49b8-ac4f-b2490889d120" Title="IImapClient Interface" Url="html/T_S22_Imap_IImapClient.htm">
      <HelpTOCNode Title="IImapClient Members" Url="html/AllMembers_T_S22_Imap_IImapClient.htm" />
      <HelpTOCNode Id="d3123e68-8a18-40d2-b1e7-f828ac5d6987" Title="IImapClient Methods" Url="html/Methods_T_S22_Imap_IImapClient.htm">
        <HelpTOCNode Title="AddMessageFlags Method " Url="html/M_S22_Imap_IImapClient_AddMessageFlags.htm" />
        <HelpTOCNode Title="Capabilities Method " Url="html/M_S22_Imap_IImapClient_Capabilities.htm" />
        <HelpTOCNode Title="CopyMessage Method " Url="html/M_S22_Imap_IImapClient_CopyMessage.htm" />
        <HelpTOCNode Title="CreateMailbox Method " Url="html/M_S22_Imap_IImapClient_CreateMailbox.htm" />
        <HelpTOCNode Title="DeleteMailbox Method " Url="html/M_S22_Imap_IImapClient_DeleteMailbox.htm" />
        <HelpTOCNode Title="DeleteMessage Method " Url="html/M_S22_Imap_IImapClient_DeleteMessage.htm" />
        <HelpTOCNode Title="Expunge Method " Url="html/M_S22_Imap_IImapClient_Expunge.htm" />
        <HelpTOCNode Title="GetMailboxInfo Method " Url="html/M_S22_Imap_IImapClient_GetMailboxInfo.htm" />
        <HelpTOCNode Id="fc962602-818a-45bc-9cf0-4bb5a20556ab" Title="GetMessage Method " Url="html/Overload_S22_Imap_IImapClient_GetMessage.htm">
          <HelpTOCNode Title="GetMessage Method (UInt32, Boolean, String)" Url="html/M_S22_Imap_IImapClient_GetMessage_2.htm" />
          <HelpTOCNode Title="GetMessage Method (UInt32, ExaminePartDelegate, Boolean, String)" Url="html/M_S22_Imap_IImapClient_GetMessage.htm" />
          <HelpTOCNode Title="GetMessage Method (UInt32, FetchOptions, Boolean, String)" Url="html/M_S22_Imap_IImapClient_GetMessage_1.htm" />
        </HelpTOCNode>
        <HelpTOCNode Title="GetMessageFlags Method " Url="html/M_S22_Imap_IImapClient_GetMessageFlags.htm" />
        <HelpTOCNode Id="38234380-d1cc-4dd3-935b-06de40242fde" Title="GetMessages Method " Url="html/Overload_S22_Imap_IImapClient_GetMessages.htm">
          <HelpTOCNode Title="GetMessages Method (IEnumerable(UInt32), Boolean, String)" Url="html/M_S22_Imap_IImapClient_GetMessages_2.htm" />
          <HelpTOCNode Title="GetMessages Method (IEnumerable(UInt32), ExaminePartDelegate, Boolean, String)" Url="html/M_S22_Imap_IImapClient_GetMessages.htm" />
          <HelpTOCNode Title="GetMessages Method (IEnumerable(UInt32), FetchOptions, Boolean, String)" Url="html/M_S22_Imap_IImapClient_GetMessages_1.htm" />
        </HelpTOCNode>
        <HelpTOCNode Title="ListMailboxes Method " Url="html/M_S22_Imap_IImapClient_ListMailboxes.htm" />
        <HelpTOCNode Title="Login Method " Url="html/M_S22_Imap_IImapClient_Login.htm" />
        <HelpTOCNode Title="Logout Method " Url="html/M_S22_Imap_IImapClient_Logout.htm" />
        <HelpTOCNode Title="MoveMessage Method " Url="html/M_S22_Imap_IImapClient_MoveMessage.htm" />
        <HelpTOCNode Title="RemoveMessageFlags Method " Url="html/M_S22_Imap_IImapClient_RemoveMessageFlags.htm" />
        <HelpTOCNode Title="RenameMailbox Method " Url="html/M_S22_Imap_IImapClient_RenameMailbox.htm" />
        <HelpTOCNode Title="Search Method " Url="html/M_S22_Imap_IImapClient_Search.htm" />
        <HelpTOCNode Title="SetMessageFlags Method " Url="html/M_S22_Imap_IImapClient_SetMessageFlags.htm" />
        <HelpTOCNode Title="StoreMessage Method " Url="html/M_S22_Imap_IImapClient_StoreMessage.htm" />
        <HelpTOCNode Title="StoreMessages Method " Url="html/M_S22_Imap_IImapClient_StoreMessages.htm" />
        <HelpTOCNode Title="Supports Method " Url="html/M_S22_Imap_IImapClient_Supports.htm" />
      </HelpTOCNode>
      <HelpTOCNode Id="1f2eaef8-9fa4-4128-9d6b-6b33fa0c63e5" Title="IImapClient Properties" Url="html/Properties_T_S22_Imap_IImapClient.htm">
        <HelpTOCNode Title="Authed Property " Url="html/P_S22_Imap_IImapClient_Authed.htm" />
        <HelpTOCNode Title="DefaultMailbox Property " Url="html/P_S22_Imap_IImapClient_DefaultMailbox.htm" />
      </HelpTOCNode>
      <HelpTOCNode Id="840838b7-bfd8-482c-bc20-13160f9b1a0f" Title="IImapClient Events" Url="html/Events_T_S22_Imap_IImapClient.htm">
        <HelpTOCNode Title="MessageDeleted Event" Url="html/E_S22_Imap_IImapClient_MessageDeleted.htm" />
        <HelpTOCNode Title="NewMessage Event" Url="html/E_S22_Imap_IImapClient_NewMessage.htm" />
      </HelpTOCNode>
    </HelpTOCNode>
    <HelpTOCNode Id="034bab26-ba0d-41e2-82df-7dbf5a2b7f78" Title="ImapClient Class" Url="html/T_S22_Imap_ImapClient.htm">
      <HelpTOCNode Title="ImapClient Members" Url="html/AllMembers_T_S22_Imap_ImapClient.htm" />
      <HelpTOCNode Id="95679956-551f-4cd0-98b1-25ba3b4a29cf" Title="ImapClient Constructor " Url="html/Overload_S22_Imap_ImapClient__ctor.htm">
        <HelpTOCNode Title="ImapClient Constructor (String, Int32, Boolean, RemoteCertificateValidationCallback)" Url="html/M_S22_Imap_ImapClient__ctor.htm" />
        <HelpTOCNode Title="ImapClient Constructor (String, Int32, String, String, AuthMethod, Boolean, RemoteCertificateValidationCallback)" Url="html/M_S22_Imap_ImapClient__ctor_1.htm" />
      </HelpTOCNode>
      <HelpTOCNode Id="37214240-f7ce-47e4-85ea-82a9e99b036a" Title="ImapClient Methods" Url="html/Methods_T_S22_Imap_ImapClient.htm">
        <HelpTOCNode Title="AddMessageFlags Method " Url="html/M_S22_Imap_ImapClient_AddMessageFlags.htm" />
        <HelpTOCNode Title="Capabilities Method " Url="html/M_S22_Imap_ImapClient_Capabilities.htm" />
        <HelpTOCNode Title="CopyMessage Method " Url="html/M_S22_Imap_ImapClient_CopyMessage.htm" />
        <HelpTOCNode Title="CopyMessages Method " Url="html/M_S22_Imap_ImapClient_CopyMessages.htm" />
        <HelpTOCNode Title="CreateMailbox Method " Url="html/M_S22_Imap_ImapClient_CreateMailbox.htm" />
        <HelpTOCNode Title="DeleteMailbox Method " Url="html/M_S22_Imap_ImapClient_DeleteMailbox.htm" />
        <HelpTOCNode Title="DeleteMessage Method " Url="html/M_S22_Imap_ImapClient_DeleteMessage.htm" />
        <HelpTOCNode Title="DeleteMessages Method " Url="html/M_S22_Imap_ImapClient_DeleteMessages.htm" />
        <HelpTOCNode Id="0981ca33-115c-47e9-b1b9-1adf38d1a10a" Title="Dispose Method " Url="html/Overload_S22_Imap_ImapClient_Dispose.htm">
          <HelpTOCNode Title="Dispose Method " Url="html/M_S22_Imap_ImapClient_Dispose.htm" />
          <HelpTOCNode Title="Dispose Method (Boolean)" Url="html/M_S22_Imap_ImapClient_Dispose_1.htm" />
        </HelpTOCNode>
        <HelpTOCNode Title="Expunge Method " Url="html/M_S22_Imap_ImapClient_Expunge.htm" />
        <HelpTOCNode Title="GetMailboxInfo Method " Url="html/M_S22_Imap_ImapClient_GetMailboxInfo.htm" />
        <HelpTOCNode Id="4dbfd9d8-bae1-4571-8291-7f3b487f9e24" Title="GetMessage Method " Url="html/Overload_S22_Imap_ImapClient_GetMessage.htm">
          <HelpTOCNode Title="GetMessage Method (UInt32, Boolean, String)" Url="html/M_S22_Imap_ImapClient_GetMessage_2.htm" />
          <HelpTOCNode Title="GetMessage Method (UInt32, ExaminePartDelegate, Boolean, String)" Url="html/M_S22_Imap_ImapClient_GetMessage.htm" />
          <HelpTOCNode Title="GetMessage Method (UInt32, FetchOptions, Boolean, String)" Url="html/M_S22_Imap_ImapClient_GetMessage_1.htm" />
        </HelpTOCNode>
        <HelpTOCNode Title="GetMessageFlags Method " Url="html/M_S22_Imap_ImapClient_GetMessageFlags.htm" />
        <HelpTOCNode Id="87e6e473-25d8-4bc6-9b77-8b6af533544d" Title="GetMessages Method " Url="html/Overload_S22_Imap_ImapClient_GetMessages.htm">
          <HelpTOCNode Title="GetMessages Method (IEnumerable(UInt32), Boolean, String)" Url="html/M_S22_Imap_ImapClient_GetMessages_2.htm" />
          <HelpTOCNode Title="GetMessages Method (IEnumerable(UInt32), ExaminePartDelegate, Boolean, String)" Url="html/M_S22_Imap_ImapClient_GetMessages.htm" />
          <HelpTOCNode Title="GetMessages Method (IEnumerable(UInt32), FetchOptions, Boolean, String)" Url="html/M_S22_Imap_ImapClient_GetMessages_1.htm" />
        </HelpTOCNode>
        <HelpTOCNode Title="ListMailboxes Method " Url="html/M_S22_Imap_ImapClient_ListMailboxes.htm" />
        <HelpTOCNode Title="Login Method " Url="html/M_S22_Imap_ImapClient_Login.htm" />
        <HelpTOCNode Title="Logout Method " Url="html/M_S22_Imap_ImapClient_Logout.htm" />
        <HelpTOCNode Title="MoveMessage Method " Url="html/M_S22_Imap_ImapClient_MoveMessage.htm" />
        <HelpTOCNode Title="MoveMessages Method " Url="html/M_S22_Imap_ImapClient_MoveMessages.htm" />
        <HelpTOCNode Title="RemoveMessageFlags Method " Url="html/M_S22_Imap_ImapClient_RemoveMessageFlags.htm" />
        <HelpTOCNode Title="RenameMailbox Method " Url="html/M_S22_Imap_ImapClient_RenameMailbox.htm" />
        <HelpTOCNode Title="Search Method " Url="html/M_S22_Imap_ImapClient_Search.htm" />
        <HelpTOCNode Title="SetMessageFlags Method " Url="html/M_S22_Imap_ImapClient_SetMessageFlags.htm" />
        <HelpTOCNode Title="StoreMessage Method " Url="html/M_S22_Imap_ImapClient_StoreMessage.htm" />
        <HelpTOCNode Title="StoreMessages Method " Url="html/M_S22_Imap_ImapClient_StoreMessages.htm" />
        <HelpTOCNode Title="Supports Method " Url="html/M_S22_Imap_ImapClient_Supports.htm" />
      </HelpTOCNode>
      <HelpTOCNode Id="7e25575f-3574-4c92-aebc-da1db1f32153" Title="ImapClient Properties" Url="html/Properties_T_S22_Imap_ImapClient.htm">
        <HelpTOCNode Title="Authed Property " Url="html/P_S22_Imap_ImapClient_Authed.htm" />
        <HelpTOCNode Title="DefaultMailbox Property " Url="html/P_S22_Imap_ImapClient_DefaultMailbox.htm" />
      </HelpTOCNode>
      <HelpTOCNode Id="b98103ad-aec5-4ac9-9006-009e360c19bb" Title="ImapClient Events" Url="html/Events_T_S22_Imap_ImapClient.htm">
        <HelpTOCNode Title="MessageDeleted Event" Url="html/E_S22_Imap_ImapClient_MessageDeleted.htm" />
        <HelpTOCNode Title="NewMessage Event" Url="html/E_S22_Imap_ImapClient_NewMessage.htm" />
      </HelpTOCNode>
    </HelpTOCNode>
    <HelpTOCNode Id="ae7edeff-d640-4e47-bdfb-212c1b944339" Title="InvalidCredentialsException Class" Url="html/T_S22_Imap_InvalidCredentialsException.htm">
      <HelpTOCNode Title="InvalidCredentialsException Members" Url="html/AllMembers_T_S22_Imap_InvalidCredentialsException.htm" />
      <HelpTOCNode Id="6c8c6289-0ec7-4764-af79-fdeb88627679" Title="InvalidCredentialsException Constructor " Url="html/Overload_S22_Imap_InvalidCredentialsException__ctor.htm">
        <HelpTOCNode Title="InvalidCredentialsException Constructor " Url="html/M_S22_Imap_InvalidCredentialsException__ctor.htm" />
        <HelpTOCNode Title="InvalidCredentialsException Constructor (String)" Url="html/M_S22_Imap_InvalidCredentialsException__ctor_2.htm" />
        <HelpTOCNode Title="InvalidCredentialsException Constructor (SerializationInfo, StreamingContext)" Url="html/M_S22_Imap_InvalidCredentialsException__ctor_1.htm" />
        <HelpTOCNode Title="InvalidCredentialsException Constructor (String, Exception)" Url="html/M_S22_Imap_InvalidCredentialsException__ctor_3.htm" />
      </HelpTOCNode>
      <HelpTOCNode Title="InvalidCredentialsException Methods" Url="html/Methods_T_S22_Imap_InvalidCredentialsException.htm" />
      <HelpTOCNode Title="InvalidCredentialsException Properties" Url="html/Properties_T_S22_Imap_InvalidCredentialsException.htm" />
      <HelpTOCNode Title="InvalidCredentialsException Events" Url="html/Events_T_S22_Imap_InvalidCredentialsException.htm" />
    </HelpTOCNode>
    <HelpTOCNode Title="MailboxFlag Enumeration" Url="html/T_S22_Imap_MailboxFlag.htm" />
    <HelpTOCNode Id="f59863f0-0dd7-416f-9699-31e186a2c582" Title="MailboxInfo Class" Url="html/T_S22_Imap_MailboxInfo.htm">
      <HelpTOCNode Title="MailboxInfo Members" Url="html/AllMembers_T_S22_Imap_MailboxInfo.htm" />
      <HelpTOCNode Id="62753b0b-ee36-49d6-b807-9f77d4e2ffea" Title="MailboxInfo Methods" Url="html/Methods_T_S22_Imap_MailboxInfo.htm">
        <HelpTOCNode Title="ToString Method " Url="html/M_S22_Imap_MailboxInfo_ToString.htm" />
      </HelpTOCNode>
      <HelpTOCNode Id="f6c324d4-ddf8-430c-aa0f-0a955dff3312" Title="MailboxInfo Properties" Url="html/Properties_T_S22_Imap_MailboxInfo.htm">
        <HelpTOCNode Title="Flags Property " Url="html/P_S22_Imap_MailboxInfo_Flags.htm" />
        <HelpTOCNode Title="FreeStorage Property " Url="html/P_S22_Imap_MailboxInfo_FreeStorage.htm" />
        <HelpTOCNode Title="Messages Property " Url="html/P_S22_Imap_MailboxInfo_Messages.htm" />
        <HelpTOCNode Title="Name Property " Url="html/P_S22_Imap_MailboxInfo_Name.htm" />
        <HelpTOCNode Title="NextUID Property " Url="html/P_S22_Imap_MailboxInfo_NextUID.htm" />
        <HelpTOCNode Title="Unread Property " Url="html/P_S22_Imap_MailboxInfo_Unread.htm" />
        <HelpTOCNode Title="UsedStorage Property " Url="html/P_S22_Imap_MailboxInfo_UsedStorage.htm" />
      </HelpTOCNode>
    </HelpTOCNode>
    <HelpTOCNode Title="MessageFlag Enumeration" Url="html/T_S22_Imap_MessageFlag.htm" />
    <HelpTOCNode Id="7dd7aee9-bfcb-4f8d-ab10-61ee6026443d" Title="NotAuthenticatedException Class" Url="html/T_S22_Imap_NotAuthenticatedException.htm">
      <HelpTOCNode Title="NotAuthenticatedException Members" Url="html/AllMembers_T_S22_Imap_NotAuthenticatedException.htm" />
      <HelpTOCNode Id="ed062af6-9fc3-41e9-99e6-25a3602e14fe" Title="NotAuthenticatedException Constructor " Url="html/Overload_S22_Imap_NotAuthenticatedException__ctor.htm">
        <HelpTOCNode Title="NotAuthenticatedException Constructor " Url="html/M_S22_Imap_NotAuthenticatedException__ctor.htm" />
        <HelpTOCNode Title="NotAuthenticatedException Constructor (String)" Url="html/M_S22_Imap_NotAuthenticatedException__ctor_2.htm" />
        <HelpTOCNode Title="NotAuthenticatedException Constructor (SerializationInfo, StreamingContext)" Url="html/M_S22_Imap_NotAuthenticatedException__ctor_1.htm" />
        <HelpTOCNode Title="NotAuthenticatedException Constructor (String, Exception)" Url="html/M_S22_Imap_NotAuthenticatedException__ctor_3.htm" />
      </HelpTOCNode>
      <HelpTOCNode Title="NotAuthenticatedException Methods" Url="html/Methods_T_S22_Imap_NotAuthenticatedException.htm" />
      <HelpTOCNode Title="NotAuthenticatedException Properties" Url="html/Properties_T_S22_Imap_NotAuthenticatedException.htm" />
      <HelpTOCNode Title="NotAuthenticatedException Events" Url="html/Events_T_S22_Imap_NotAuthenticatedException.htm" />
    </HelpTOCNode>
    <HelpTOCNode Id="853398c1-ae50-4932-a1b5-2d06936ee994" Title="SearchCondition Class" Url="html/T_S22_Imap_SearchCondition.htm">
      <HelpTOCNode Title="SearchCondition Members" Url="html/AllMembers_T_S22_Imap_SearchCondition.htm" />
      <HelpTOCNode Title="SearchCondition Constructor " Url="html/M_S22_Imap_SearchCondition__ctor.htm" />
      <HelpTOCNode Id="aa8ddd06-c762-44f4-82d7-482476bb5fcd" Title="SearchCondition Methods" Url="html/Methods_T_S22_Imap_SearchCondition.htm">
        <HelpTOCNode Title="All Method " Url="html/M_S22_Imap_SearchCondition_All.htm" />
        <HelpTOCNode Title="And Method " Url="html/M_S22_Imap_SearchCondition_And.htm" />
        <HelpTOCNode Title="Answered Method " Url="html/M_S22_Imap_SearchCondition_Answered.htm" />
        <HelpTOCNode Title="BCC Method " Url="html/M_S22_Imap_SearchCondition_BCC.htm" />
        <HelpTOCNode Title="Before Method " Url="html/M_S22_Imap_SearchCondition_Before.htm" />
        <HelpTOCNode Title="Body Method " Url="html/M_S22_Imap_SearchCondition_Body.htm" />
        <HelpTOCNode Title="Cc Method " Url="html/M_S22_Imap_SearchCondition_Cc.htm" />
        <HelpTOCNode Title="Deleted Method " Url="html/M_S22_Imap_SearchCondition_Deleted.htm" />
        <HelpTOCNode Title="Draft Method " Url="html/M_S22_Imap_SearchCondition_Draft.htm" />
        <HelpTOCNode Title="Flagged Method " Url="html/M_S22_Imap_SearchCondition_Flagged.htm" />
        <HelpTOCNode Title="From Method " Url="html/M_S22_Imap_SearchCondition_From.htm" />
        <HelpTOCNode Title="GreaterThan Method " Url="html/M_S22_Imap_SearchCondition_GreaterThan.htm" />
        <HelpTOCNode Title="Header Method " Url="html/M_S22_Imap_SearchCondition_Header.htm" />
        <HelpTOCNode Title="Keyword Method " Url="html/M_S22_Imap_SearchCondition_Keyword.htm" />
        <HelpTOCNode Title="Larger Method " Url="html/M_S22_Imap_SearchCondition_Larger.htm" />
        <HelpTOCNode Title="LessThan Method " Url="html/M_S22_Imap_SearchCondition_LessThan.htm" />
        <HelpTOCNode Title="New Method " Url="html/M_S22_Imap_SearchCondition_New.htm" />
        <HelpTOCNode Title="Not Method " Url="html/M_S22_Imap_SearchCondition_Not.htm" />
        <HelpTOCNode Title="Old Method " Url="html/M_S22_Imap_SearchCondition_Old.htm" />
        <HelpTOCNode Title="Or Method " Url="html/M_S22_Imap_SearchCondition_Or.htm" />
        <HelpTOCNode Title="Recent Method " Url="html/M_S22_Imap_SearchCondition_Recent.htm" />
        <HelpTOCNode Title="Seen Method " Url="html/M_S22_Imap_SearchCondition_Seen.htm" />
        <HelpTOCNode Title="SentBefore Method " Url="html/M_S22_Imap_SearchCondition_SentBefore.htm" />
        <HelpTOCNode Title="SentOn Method " Url="html/M_S22_Imap_SearchCondition_SentOn.htm" />
        <HelpTOCNode Title="SentSince Method " Url="html/M_S22_Imap_SearchCondition_SentSince.htm" />
        <HelpTOCNode Title="Smaller Method " Url="html/M_S22_Imap_SearchCondition_Smaller.htm" />
        <HelpTOCNode Title="Subject Method " Url="html/M_S22_Imap_SearchCondition_Subject.htm" />
        <HelpTOCNode Title="Text Method " Url="html/M_S22_Imap_SearchCondition_Text.htm" />
        <HelpTOCNode Title="To Method " Url="html/M_S22_Imap_SearchCondition_To.htm" />
        <HelpTOCNode Title="ToString Method " Url="html/M_S22_Imap_SearchCondition_ToString.htm" />
        <HelpTOCNode Title="UID Method " Url="html/M_S22_Imap_SearchCondition_UID.htm" />
        <HelpTOCNode Title="Unanswered Method " Url="html/M_S22_Imap_SearchCondition_Unanswered.htm" />
        <HelpTOCNode Title="Undeleted Method " Url="html/M_S22_Imap_SearchCondition_Undeleted.htm" />
        <HelpTOCNode Title="Undraft Method " Url="html/M_S22_Imap_SearchCondition_Undraft.htm" />
        <HelpTOCNode Title="Unflagged Method " Url="html/M_S22_Imap_SearchCondition_Unflagged.htm" />
        <HelpTOCNode Title="Unkeyword Method " Url="html/M_S22_Imap_SearchCondition_Unkeyword.htm" />
        <HelpTOCNode Title="Unseen Method " Url="html/M_S22_Imap_SearchCondition_Unseen.htm" />
      </HelpTOCNode>
    </HelpTOCNode>
  </HelpTOCNode>
</HelpTOC>
