﻿<?xml version="1.0" encoding="utf-8"?>
<HelpTOC>

  <HelpTOCNode Id="3c656f0f-1bf6-40bc-ac08-09236b17f0cc" Title="S22.Imap Namespace" Url="html/N_S22_Imap.htm">
    <HelpTOCNode Title="AuthMethod Enumeration" Url="html/T_S22_Imap_AuthMethod.htm" />
    <HelpTOCNode Id="4102b82b-194a-4394-a41e-fff249b4c905" Title="BadServerResponseException Class" Url="html/T_S22_Imap_BadServerResponseException.htm">
      <HelpTOCNode Title="BadServerResponseException Members" Url="html/AllMembers_T_S22_Imap_BadServerResponseException.htm" />
      <HelpTOCNode Id="e87a97ad-4592-48a2-bf7d-f564fb73a722" Title="BadServerResponseException Constructor " Url="html/Overload_S22_Imap_BadServerResponseException__ctor.htm">
        <HelpTOCNode Title="BadServerResponseException Constructor " Url="html/M_S22_Imap_BadServerResponseException__ctor.htm" />
        <HelpTOCNode Title="BadServerResponseException Constructor (String)" Url="html/M_S22_Imap_BadServerResponseException__ctor_2.htm" />
        <HelpTOCNode Title="BadServerResponseException Constructor (SerializationInfo, StreamingContext)" Url="html/M_S22_Imap_BadServerResponseException__ctor_1.htm" />
        <HelpTOCNode Title="BadServerResponseException Constructor (String, Exception)" Url="html/M_S22_Imap_BadServerResponseException__ctor_3.htm" />
      </HelpTOCNode>
      <HelpTOCNode Title="BadServerResponseException Methods" Url="html/Methods_T_S22_Imap_BadServerResponseException.htm" />
      <HelpTOCNode Title="BadServerResponseException Properties" Url="html/Properties_T_S22_Imap_BadServerResponseException.htm" />
      <HelpTOCNode Title="BadServerResponseException Events" Url="html/Events_T_S22_Imap_BadServerResponseException.htm" />
    </HelpTOCNode>
    <HelpTOCNode Id="de63410a-1faa-4294-b1f9-e74fbe072211" Title="Bodypart Class" Url="html/T_S22_Imap_Bodypart.htm">
      <HelpTOCNode Title="Bodypart Members" Url="html/AllMembers_T_S22_Imap_Bodypart.htm" />
      <HelpTOCNode Id="036e8e9e-c70b-41d7-a7db-b1e378d185de" Title="Bodypart Methods" Url="html/Methods_T_S22_Imap_Bodypart.htm">
        <HelpTOCNode Title="ToString Method " Url="html/M_S22_Imap_Bodypart_ToString.htm" />
      </HelpTOCNode>
      <HelpTOCNode Id="71f2310f-5699-47be-9a0e-538551a76413" Title="Bodypart Properties" Url="html/Properties_T_S22_Imap_Bodypart.htm">
        <HelpTOCNode Title="Description Property " Url="html/P_S22_Imap_Bodypart_Description.htm" />
        <HelpTOCNode Title="Disposition Property " Url="html/P_S22_Imap_Bodypart_Disposition.htm" />
        <HelpTOCNode Title="Encoding Property " Url="html/P_S22_Imap_Bodypart_Encoding.htm" />
        <HelpTOCNode Title="Id Property " Url="html/P_S22_Imap_Bodypart_Id.htm" />
        <HelpTOCNode Title="Language Property " Url="html/P_S22_Imap_Bodypart_Language.htm" />
        <HelpTOCNode Title="Lines Property " Url="html/P_S22_Imap_Bodypart_Lines.htm" />
        <HelpTOCNode Title="Location Property " Url="html/P_S22_Imap_Bodypart_Location.htm" />
        <HelpTOCNode Title="Md5 Property " Url="html/P_S22_Imap_Bodypart_Md5.htm" />
        <HelpTOCNode Title="Parameters Property " Url="html/P_S22_Imap_Bodypart_Parameters.htm" />
        <HelpTOCNode Title="Size Property " Url="html/P_S22_Imap_Bodypart_Size.htm" />
        <HelpTOCNode Title="Subtype Property " Url="html/P_S22_Imap_Bodypart_Subtype.htm" />
        <HelpTOCNode Title="Type Property " Url="html/P_S22_Imap_Bodypart_Type.htm" />
      </HelpTOCNode>
    </HelpTOCNode>
    <HelpTOCNode Id="ee91bb08-1ea4-41e3-b496-0f5a7def0b72" Title="ContentDisposition Class" Url="html/T_S22_Imap_ContentDisposition.htm">
      <HelpTOCNode Title="ContentDisposition Members" Url="html/AllMembers_T_S22_Imap_ContentDisposition.htm" />
      <HelpTOCNode Title="ContentDisposition Constructor " Url="html/M_S22_Imap_ContentDisposition__ctor.htm" />
      <HelpTOCNode Title="ContentDisposition Methods" Url="html/Methods_T_S22_Imap_ContentDisposition.htm" />
      <HelpTOCNode Id="b41201ea-a232-40dd-8310-dc1da4600f82" Title="ContentDisposition Properties" Url="html/Properties_T_S22_Imap_ContentDisposition.htm">
        <HelpTOCNode Title="Attributes Property " Url="html/P_S22_Imap_ContentDisposition_Attributes.htm" />
        <HelpTOCNode Title="Filename Property " Url="html/P_S22_Imap_ContentDisposition_Filename.htm" />
        <HelpTOCNode Title="Type Property " Url="html/P_S22_Imap_ContentDisposition_Type.htm" />
      </HelpTOCNode>
    </HelpTOCNode>
    <HelpTOCNode Title="ContentDispositionType Enumeration" Url="html/T_S22_Imap_ContentDispositionType.htm" />
    <HelpTOCNode Title="ContentTransferEncoding Enumeration" Url="html/T_S22_Imap_ContentTransferEncoding.htm" />
    <HelpTOCNode Title="ContentType Enumeration" Url="html/T_S22_Imap_ContentType.htm" />
    <HelpTOCNode Title="ExaminePartDelegate Delegate" Url="html/T_S22_Imap_ExaminePartDelegate.htm" />
    <HelpTOCNode Title="FetchOptions Enumeration" Url="html/T_S22_Imap_FetchOptions.htm" />
    <HelpTOCNode Id="39944a26-b920-4665-8180-1937863f8bc6" Title="IdleMessageEventArgs Class" Url="html/T_S22_Imap_IdleMessageEventArgs.htm">
      <HelpTOCNode Title="IdleMessageEventArgs Members" Url="html/AllMembers_T_S22_Imap_IdleMessageEventArgs.htm" />
      <HelpTOCNode Title="IdleMessageEventArgs Methods" Url="html/Methods_T_S22_Imap_IdleMessageEventArgs.htm" />
      <HelpTOCNode Id="fe426612-c57b-49ea-926c-b98254740e1c" Title="IdleMessageEventArgs Properties" Url="html/Properties_T_S22_Imap_IdleMessageEventArgs.htm">
        <HelpTOCNode Title="Client Property " Url="html/P_S22_Imap_IdleMessageEventArgs_Client.htm" />
        <HelpTOCNode Title="MessageCount Property " Url="html/P_S22_Imap_IdleMessageEventArgs_MessageCount.htm" />
        <HelpTOCNode Title="MessageUID Property " Url="html/P_S22_Imap_IdleMessageEventArgs_MessageUID.htm" />
      </HelpTOCNode>
    </HelpTOCNode>
    <HelpTOCNode Id="56302f7a-2855-4a87-9479-421db16e9b49" Title="IImapClient Interface" Url="html/T_S22_Imap_IImapClient.htm">
      <HelpTOCNode Title="IImapClient Members" Url="html/AllMembers_T_S22_Imap_IImapClient.htm" />
      <HelpTOCNode Id="f030b855-2463-4cab-838b-90792ea12ff2" Title="IImapClient Methods" Url="html/Methods_T_S22_Imap_IImapClient.htm">
        <HelpTOCNode Title="AddMessageFlags Method " Url="html/M_S22_Imap_IImapClient_AddMessageFlags.htm" />
        <HelpTOCNode Title="Capabilities Method " Url="html/M_S22_Imap_IImapClient_Capabilities.htm" />
        <HelpTOCNode Title="CopyMessage Method " Url="html/M_S22_Imap_IImapClient_CopyMessage.htm" />
        <HelpTOCNode Title="CreateMailbox Method " Url="html/M_S22_Imap_IImapClient_CreateMailbox.htm" />
        <HelpTOCNode Title="DeleteMailbox Method " Url="html/M_S22_Imap_IImapClient_DeleteMailbox.htm" />
        <HelpTOCNode Title="DeleteMessage Method " Url="html/M_S22_Imap_IImapClient_DeleteMessage.htm" />
        <HelpTOCNode Title="Expunge Method " Url="html/M_S22_Imap_IImapClient_Expunge.htm" />
        <HelpTOCNode Title="GetMailboxInfo Method " Url="html/M_S22_Imap_IImapClient_GetMailboxInfo.htm" />
        <HelpTOCNode Id="7488d1d5-7e69-45c3-b1fe-4ecd583150bf" Title="GetMessage Method " Url="html/Overload_S22_Imap_IImapClient_GetMessage.htm">
          <HelpTOCNode Title="GetMessage Method (UInt32, Boolean, String)" Url="html/M_S22_Imap_IImapClient_GetMessage_2.htm" />
          <HelpTOCNode Title="GetMessage Method (UInt32, ExaminePartDelegate, Boolean, String)" Url="html/M_S22_Imap_IImapClient_GetMessage.htm" />
          <HelpTOCNode Title="GetMessage Method (UInt32, FetchOptions, Boolean, String)" Url="html/M_S22_Imap_IImapClient_GetMessage_1.htm" />
        </HelpTOCNode>
        <HelpTOCNode Title="GetMessageFlags Method " Url="html/M_S22_Imap_IImapClient_GetMessageFlags.htm" />
        <HelpTOCNode Id="3c1e0061-0c3a-4603-8f25-8905d302f7ef" Title="GetMessages Method " Url="html/Overload_S22_Imap_IImapClient_GetMessages.htm">
          <HelpTOCNode Title="GetMessages Method (UInt32[], Boolean, String)" Url="html/M_S22_Imap_IImapClient_GetMessages_2.htm" />
          <HelpTOCNode Title="GetMessages Method (UInt32[], ExaminePartDelegate, Boolean, String)" Url="html/M_S22_Imap_IImapClient_GetMessages.htm" />
          <HelpTOCNode Title="GetMessages Method (UInt32[], FetchOptions, Boolean, String)" Url="html/M_S22_Imap_IImapClient_GetMessages_1.htm" />
        </HelpTOCNode>
        <HelpTOCNode Title="ListMailboxes Method " Url="html/M_S22_Imap_IImapClient_ListMailboxes.htm" />
        <HelpTOCNode Title="Login Method " Url="html/M_S22_Imap_IImapClient_Login.htm" />
        <HelpTOCNode Title="Logout Method " Url="html/M_S22_Imap_IImapClient_Logout.htm" />
        <HelpTOCNode Title="MoveMessage Method " Url="html/M_S22_Imap_IImapClient_MoveMessage.htm" />
        <HelpTOCNode Title="RemoveMessageFlags Method " Url="html/M_S22_Imap_IImapClient_RemoveMessageFlags.htm" />
        <HelpTOCNode Title="RenameMailbox Method " Url="html/M_S22_Imap_IImapClient_RenameMailbox.htm" />
        <HelpTOCNode Title="Search Method " Url="html/M_S22_Imap_IImapClient_Search.htm" />
        <HelpTOCNode Title="SetMessageFlags Method " Url="html/M_S22_Imap_IImapClient_SetMessageFlags.htm" />
        <HelpTOCNode Title="StoreMessage Method " Url="html/M_S22_Imap_IImapClient_StoreMessage.htm" />
        <HelpTOCNode Title="StoreMessages Method " Url="html/M_S22_Imap_IImapClient_StoreMessages.htm" />
        <HelpTOCNode Title="Supports Method " Url="html/M_S22_Imap_IImapClient_Supports.htm" />
      </HelpTOCNode>
      <HelpTOCNode Id="3431b62e-c680-4dc1-9395-aaeb58b57b5d" Title="IImapClient Properties" Url="html/Properties_T_S22_Imap_IImapClient.htm">
        <HelpTOCNode Title="Authed Property " Url="html/P_S22_Imap_IImapClient_Authed.htm" />
        <HelpTOCNode Title="DefaultMailbox Property " Url="html/P_S22_Imap_IImapClient_DefaultMailbox.htm" />
      </HelpTOCNode>
      <HelpTOCNode Id="0f406ecc-1c81-496c-beea-3e2212d4fa42" Title="IImapClient Events" Url="html/Events_T_S22_Imap_IImapClient.htm">
        <HelpTOCNode Title="MessageDeleted Event" Url="html/E_S22_Imap_IImapClient_MessageDeleted.htm" />
        <HelpTOCNode Title="NewMessage Event" Url="html/E_S22_Imap_IImapClient_NewMessage.htm" />
      </HelpTOCNode>
    </HelpTOCNode>
    <HelpTOCNode Id="4edb7be2-1443-4e10-b145-2780f8e07a34" Title="ImapClient Class" Url="html/T_S22_Imap_ImapClient.htm">
      <HelpTOCNode Title="ImapClient Members" Url="html/AllMembers_T_S22_Imap_ImapClient.htm" />
      <HelpTOCNode Id="c21301e0-3a80-4c5d-a148-5b8696e21672" Title="ImapClient Constructor " Url="html/Overload_S22_Imap_ImapClient__ctor.htm">
        <HelpTOCNode Title="ImapClient Constructor (String, Int32, Boolean, RemoteCertificateValidationCallback)" Url="html/M_S22_Imap_ImapClient__ctor.htm" />
        <HelpTOCNode Title="ImapClient Constructor (String, Int32, String, String, AuthMethod, Boolean, RemoteCertificateValidationCallback)" Url="html/M_S22_Imap_ImapClient__ctor_1.htm" />
      </HelpTOCNode>
      <HelpTOCNode Id="d3aefaba-19c9-4f05-b933-dba35a07c1f2" Title="ImapClient Methods" Url="html/Methods_T_S22_Imap_ImapClient.htm">
        <HelpTOCNode Title="AddMessageFlags Method " Url="html/M_S22_Imap_ImapClient_AddMessageFlags.htm" />
        <HelpTOCNode Title="Capabilities Method " Url="html/M_S22_Imap_ImapClient_Capabilities.htm" />
        <HelpTOCNode Title="CopyMessage Method " Url="html/M_S22_Imap_ImapClient_CopyMessage.htm" />
        <HelpTOCNode Title="CreateMailbox Method " Url="html/M_S22_Imap_ImapClient_CreateMailbox.htm" />
        <HelpTOCNode Title="DeleteMailbox Method " Url="html/M_S22_Imap_ImapClient_DeleteMailbox.htm" />
        <HelpTOCNode Title="DeleteMessage Method " Url="html/M_S22_Imap_ImapClient_DeleteMessage.htm" />
        <HelpTOCNode Title="Dispose Method " Url="html/M_S22_Imap_ImapClient_Dispose.htm" />
        <HelpTOCNode Title="Expunge Method " Url="html/M_S22_Imap_ImapClient_Expunge.htm" />
        <HelpTOCNode Title="GetMailboxInfo Method " Url="html/M_S22_Imap_ImapClient_GetMailboxInfo.htm" />
        <HelpTOCNode Id="f2784d0b-b819-4220-8941-d59831355a14" Title="GetMessage Method " Url="html/Overload_S22_Imap_ImapClient_GetMessage.htm">
          <HelpTOCNode Title="GetMessage Method (UInt32, Boolean, String)" Url="html/M_S22_Imap_ImapClient_GetMessage_2.htm" />
          <HelpTOCNode Title="GetMessage Method (UInt32, ExaminePartDelegate, Boolean, String)" Url="html/M_S22_Imap_ImapClient_GetMessage.htm" />
          <HelpTOCNode Title="GetMessage Method (UInt32, FetchOptions, Boolean, String)" Url="html/M_S22_Imap_ImapClient_GetMessage_1.htm" />
        </HelpTOCNode>
        <HelpTOCNode Title="GetMessageFlags Method " Url="html/M_S22_Imap_ImapClient_GetMessageFlags.htm" />
        <HelpTOCNode Id="f110ccfb-91ae-4f5f-ba1e-093938972bab" Title="GetMessages Method " Url="html/Overload_S22_Imap_ImapClient_GetMessages.htm">
          <HelpTOCNode Title="GetMessages Method (UInt32[], Boolean, String)" Url="html/M_S22_Imap_ImapClient_GetMessages_2.htm" />
          <HelpTOCNode Title="GetMessages Method (UInt32[], ExaminePartDelegate, Boolean, String)" Url="html/M_S22_Imap_ImapClient_GetMessages.htm" />
          <HelpTOCNode Title="GetMessages Method (UInt32[], FetchOptions, Boolean, String)" Url="html/M_S22_Imap_ImapClient_GetMessages_1.htm" />
        </HelpTOCNode>
        <HelpTOCNode Title="ListMailboxes Method " Url="html/M_S22_Imap_ImapClient_ListMailboxes.htm" />
        <HelpTOCNode Title="Login Method " Url="html/M_S22_Imap_ImapClient_Login.htm" />
        <HelpTOCNode Title="Logout Method " Url="html/M_S22_Imap_ImapClient_Logout.htm" />
        <HelpTOCNode Title="MoveMessage Method " Url="html/M_S22_Imap_ImapClient_MoveMessage.htm" />
        <HelpTOCNode Title="RemoveMessageFlags Method " Url="html/M_S22_Imap_ImapClient_RemoveMessageFlags.htm" />
        <HelpTOCNode Title="RenameMailbox Method " Url="html/M_S22_Imap_ImapClient_RenameMailbox.htm" />
        <HelpTOCNode Title="Search Method " Url="html/M_S22_Imap_ImapClient_Search.htm" />
        <HelpTOCNode Title="SetMessageFlags Method " Url="html/M_S22_Imap_ImapClient_SetMessageFlags.htm" />
        <HelpTOCNode Title="StoreMessage Method " Url="html/M_S22_Imap_ImapClient_StoreMessage.htm" />
        <HelpTOCNode Title="StoreMessages Method " Url="html/M_S22_Imap_ImapClient_StoreMessages.htm" />
        <HelpTOCNode Title="Supports Method " Url="html/M_S22_Imap_ImapClient_Supports.htm" />
      </HelpTOCNode>
      <HelpTOCNode Id="53c79967-49d0-4c0e-bd38-a9516f6b7947" Title="ImapClient Properties" Url="html/Properties_T_S22_Imap_ImapClient.htm">
        <HelpTOCNode Title="Authed Property " Url="html/P_S22_Imap_ImapClient_Authed.htm" />
        <HelpTOCNode Title="DefaultMailbox Property " Url="html/P_S22_Imap_ImapClient_DefaultMailbox.htm" />
      </HelpTOCNode>
      <HelpTOCNode Id="b1c21f07-0371-4b3c-9212-d0d2a3d1681c" Title="ImapClient Events" Url="html/Events_T_S22_Imap_ImapClient.htm">
        <HelpTOCNode Title="MessageDeleted Event" Url="html/E_S22_Imap_ImapClient_MessageDeleted.htm" />
        <HelpTOCNode Title="NewMessage Event" Url="html/E_S22_Imap_ImapClient_NewMessage.htm" />
      </HelpTOCNode>
    </HelpTOCNode>
    <HelpTOCNode Id="69df70ea-253a-40fe-8238-6d10f875bc37" Title="InvalidCredentialsException Class" Url="html/T_S22_Imap_InvalidCredentialsException.htm">
      <HelpTOCNode Title="InvalidCredentialsException Members" Url="html/AllMembers_T_S22_Imap_InvalidCredentialsException.htm" />
      <HelpTOCNode Id="bbddf344-5e68-4560-806a-119543cf6430" Title="InvalidCredentialsException Constructor " Url="html/Overload_S22_Imap_InvalidCredentialsException__ctor.htm">
        <HelpTOCNode Title="InvalidCredentialsException Constructor " Url="html/M_S22_Imap_InvalidCredentialsException__ctor.htm" />
        <HelpTOCNode Title="InvalidCredentialsException Constructor (String)" Url="html/M_S22_Imap_InvalidCredentialsException__ctor_2.htm" />
        <HelpTOCNode Title="InvalidCredentialsException Constructor (SerializationInfo, StreamingContext)" Url="html/M_S22_Imap_InvalidCredentialsException__ctor_1.htm" />
        <HelpTOCNode Title="InvalidCredentialsException Constructor (String, Exception)" Url="html/M_S22_Imap_InvalidCredentialsException__ctor_3.htm" />
      </HelpTOCNode>
      <HelpTOCNode Title="InvalidCredentialsException Methods" Url="html/Methods_T_S22_Imap_InvalidCredentialsException.htm" />
      <HelpTOCNode Title="InvalidCredentialsException Properties" Url="html/Properties_T_S22_Imap_InvalidCredentialsException.htm" />
      <HelpTOCNode Title="InvalidCredentialsException Events" Url="html/Events_T_S22_Imap_InvalidCredentialsException.htm" />
    </HelpTOCNode>
    <HelpTOCNode Title="MailboxFlag Enumeration" Url="html/T_S22_Imap_MailboxFlag.htm" />
    <HelpTOCNode Id="e9b7dd44-356f-45e2-b3b0-d2c9e477fba8" Title="MailboxInfo Class" Url="html/T_S22_Imap_MailboxInfo.htm">
      <HelpTOCNode Title="MailboxInfo Members" Url="html/AllMembers_T_S22_Imap_MailboxInfo.htm" />
      <HelpTOCNode Id="fceb277a-6140-4228-8d2b-1e290e832f80" Title="MailboxInfo Methods" Url="html/Methods_T_S22_Imap_MailboxInfo.htm">
        <HelpTOCNode Title="ToString Method " Url="html/M_S22_Imap_MailboxInfo_ToString.htm" />
      </HelpTOCNode>
      <HelpTOCNode Id="b2464dc6-2e98-45ec-8860-1a3812f2c907" Title="MailboxInfo Properties" Url="html/Properties_T_S22_Imap_MailboxInfo.htm">
        <HelpTOCNode Title="Flags Property " Url="html/P_S22_Imap_MailboxInfo_Flags.htm" />
        <HelpTOCNode Title="FreeStorage Property " Url="html/P_S22_Imap_MailboxInfo_FreeStorage.htm" />
        <HelpTOCNode Title="Messages Property " Url="html/P_S22_Imap_MailboxInfo_Messages.htm" />
        <HelpTOCNode Title="Name Property " Url="html/P_S22_Imap_MailboxInfo_Name.htm" />
        <HelpTOCNode Title="NextUID Property " Url="html/P_S22_Imap_MailboxInfo_NextUID.htm" />
        <HelpTOCNode Title="Unread Property " Url="html/P_S22_Imap_MailboxInfo_Unread.htm" />
        <HelpTOCNode Title="UsedStorage Property " Url="html/P_S22_Imap_MailboxInfo_UsedStorage.htm" />
      </HelpTOCNode>
    </HelpTOCNode>
    <HelpTOCNode Title="MessageFlag Enumeration" Url="html/T_S22_Imap_MessageFlag.htm" />
    <HelpTOCNode Id="ac6a2af3-fab7-44f6-aaac-c4fd6df59893" Title="NotAuthenticatedException Class" Url="html/T_S22_Imap_NotAuthenticatedException.htm">
      <HelpTOCNode Title="NotAuthenticatedException Members" Url="html/AllMembers_T_S22_Imap_NotAuthenticatedException.htm" />
      <HelpTOCNode Id="ac543bf1-6638-4712-9918-4af618d1d7c9" Title="NotAuthenticatedException Constructor " Url="html/Overload_S22_Imap_NotAuthenticatedException__ctor.htm">
        <HelpTOCNode Title="NotAuthenticatedException Constructor " Url="html/M_S22_Imap_NotAuthenticatedException__ctor.htm" />
        <HelpTOCNode Title="NotAuthenticatedException Constructor (String)" Url="html/M_S22_Imap_NotAuthenticatedException__ctor_2.htm" />
        <HelpTOCNode Title="NotAuthenticatedException Constructor (SerializationInfo, StreamingContext)" Url="html/M_S22_Imap_NotAuthenticatedException__ctor_1.htm" />
        <HelpTOCNode Title="NotAuthenticatedException Constructor (String, Exception)" Url="html/M_S22_Imap_NotAuthenticatedException__ctor_3.htm" />
      </HelpTOCNode>
      <HelpTOCNode Title="NotAuthenticatedException Methods" Url="html/Methods_T_S22_Imap_NotAuthenticatedException.htm" />
      <HelpTOCNode Title="NotAuthenticatedException Properties" Url="html/Properties_T_S22_Imap_NotAuthenticatedException.htm" />
      <HelpTOCNode Title="NotAuthenticatedException Events" Url="html/Events_T_S22_Imap_NotAuthenticatedException.htm" />
    </HelpTOCNode>
    <HelpTOCNode Id="3b244772-7d52-4387-8653-f9f837851820" Title="SearchCondition Class" Url="html/T_S22_Imap_SearchCondition.htm">
      <HelpTOCNode Title="SearchCondition Members" Url="html/AllMembers_T_S22_Imap_SearchCondition.htm" />
      <HelpTOCNode Title="SearchCondition Constructor " Url="html/M_S22_Imap_SearchCondition__ctor.htm" />
      <HelpTOCNode Id="60cc138f-ac03-4d0d-8336-faa7160d4596" Title="SearchCondition Methods" Url="html/Methods_T_S22_Imap_SearchCondition.htm">
        <HelpTOCNode Title="All Method " Url="html/M_S22_Imap_SearchCondition_All.htm" />
        <HelpTOCNode Title="And Method " Url="html/M_S22_Imap_SearchCondition_And.htm" />
        <HelpTOCNode Title="Answered Method " Url="html/M_S22_Imap_SearchCondition_Answered.htm" />
        <HelpTOCNode Title="BCC Method " Url="html/M_S22_Imap_SearchCondition_BCC.htm" />
        <HelpTOCNode Title="Before Method " Url="html/M_S22_Imap_SearchCondition_Before.htm" />
        <HelpTOCNode Title="Body Method " Url="html/M_S22_Imap_SearchCondition_Body.htm" />
        <HelpTOCNode Title="Cc Method " Url="html/M_S22_Imap_SearchCondition_Cc.htm" />
        <HelpTOCNode Title="Deleted Method " Url="html/M_S22_Imap_SearchCondition_Deleted.htm" />
        <HelpTOCNode Title="Draft Method " Url="html/M_S22_Imap_SearchCondition_Draft.htm" />
        <HelpTOCNode Title="Flagged Method " Url="html/M_S22_Imap_SearchCondition_Flagged.htm" />
        <HelpTOCNode Title="From Method " Url="html/M_S22_Imap_SearchCondition_From.htm" />
        <HelpTOCNode Title="GreaterThan Method " Url="html/M_S22_Imap_SearchCondition_GreaterThan.htm" />
        <HelpTOCNode Title="Header Method " Url="html/M_S22_Imap_SearchCondition_Header.htm" />
        <HelpTOCNode Title="Keyword Method " Url="html/M_S22_Imap_SearchCondition_Keyword.htm" />
        <HelpTOCNode Title="Larger Method " Url="html/M_S22_Imap_SearchCondition_Larger.htm" />
        <HelpTOCNode Title="LessThan Method " Url="html/M_S22_Imap_SearchCondition_LessThan.htm" />
        <HelpTOCNode Title="New Method " Url="html/M_S22_Imap_SearchCondition_New.htm" />
        <HelpTOCNode Title="Not Method " Url="html/M_S22_Imap_SearchCondition_Not.htm" />
        <HelpTOCNode Title="Old Method " Url="html/M_S22_Imap_SearchCondition_Old.htm" />
        <HelpTOCNode Title="Or Method " Url="html/M_S22_Imap_SearchCondition_Or.htm" />
        <HelpTOCNode Title="Recent Method " Url="html/M_S22_Imap_SearchCondition_Recent.htm" />
        <HelpTOCNode Title="Seen Method " Url="html/M_S22_Imap_SearchCondition_Seen.htm" />
        <HelpTOCNode Title="SentBefore Method " Url="html/M_S22_Imap_SearchCondition_SentBefore.htm" />
        <HelpTOCNode Title="SentOn Method " Url="html/M_S22_Imap_SearchCondition_SentOn.htm" />
        <HelpTOCNode Title="SentSince Method " Url="html/M_S22_Imap_SearchCondition_SentSince.htm" />
        <HelpTOCNode Title="Smaller Method " Url="html/M_S22_Imap_SearchCondition_Smaller.htm" />
        <HelpTOCNode Title="Subject Method " Url="html/M_S22_Imap_SearchCondition_Subject.htm" />
        <HelpTOCNode Title="Text Method " Url="html/M_S22_Imap_SearchCondition_Text.htm" />
        <HelpTOCNode Title="To Method " Url="html/M_S22_Imap_SearchCondition_To.htm" />
        <HelpTOCNode Title="ToString Method " Url="html/M_S22_Imap_SearchCondition_ToString.htm" />
        <HelpTOCNode Title="UID Method " Url="html/M_S22_Imap_SearchCondition_UID.htm" />
        <HelpTOCNode Title="Unanswered Method " Url="html/M_S22_Imap_SearchCondition_Unanswered.htm" />
        <HelpTOCNode Title="Undeleted Method " Url="html/M_S22_Imap_SearchCondition_Undeleted.htm" />
        <HelpTOCNode Title="Undraft Method " Url="html/M_S22_Imap_SearchCondition_Undraft.htm" />
        <HelpTOCNode Title="Unflagged Method " Url="html/M_S22_Imap_SearchCondition_Unflagged.htm" />
        <HelpTOCNode Title="Unkeyword Method " Url="html/M_S22_Imap_SearchCondition_Unkeyword.htm" />
        <HelpTOCNode Title="Unseen Method " Url="html/M_S22_Imap_SearchCondition_Unseen.htm" />
      </HelpTOCNode>
    </HelpTOCNode>
  </HelpTOCNode>
</HelpTOC>
